census_tract,total_loans,va_loans,va_total_amount,conv_loans,fha_loans
06059099802,11,0,0,10,1
06107004402,7,0,0,5,2
06037234502,16,0,0,13,3
06037554403,20,1,525000,16,3
06037533803,14,0,0,11,3
06037408900,68,2,1560000,65,1
06037481712,10,0,0,10,0
06107000402,64,0,0,43,21
06037481713,18,0,0,17,1
06037533804,12,0,0,10,2
06037404901,27,0,0,24,3
06019002701,35,0,0,25,10
06097152401,122,1,1655000,120,1
06059099803,27,0,0,26,1
06037554404,17,0,0,16,1
06073009804,108,6,5000000,98,4
06065031501,43,2,990000,31,10
06019002702,23,1,315000,15,7
06037404902,30,0,0,28,2
06071008901,15,2,210000,9,4
06037577200,41,2,1420000,38,1
06037109601,37,1,325000,30,6
06037533805,10,0,0,7,3
06071004901,24,0,0,14,10
06037481714,10,0,0,10,0
06071000901,30,0,0,27,3
06037554405,16,0,0,15,1
06001407700,92,1,645000,83,8
06097152402,106,2,1410000,101,3
06073009805,97,11,7905000,85,1
06037533806,6,0,0,6,0
06037404903,16,1,375000,13,2
06071004902,17,0,0,11,6
06037573201,16,1,585000,12,3
06001403701,10,0,0,9,1
06075032901,33,1,985000,32,0
06073020601,37,1,695000,31,5
06037554406,36,0,0,33,3
06001428301,91,5,4305000,83,3
06037109603,42,1,615000,37,4
06075032902,32,0,0,31,1
06007000401,40,1,515000,38,1
06037573202,31,0,0,28,3
06071000903,45,0,0,40,5
06037481401,21,0,0,21,0
06001403702,14,0,0,14,0
06037603301,20,0,0,20,0
06001428302,79,1,1315000,78,0
06073020602,61,5,2685000,53,3
06079012403,46,1,545000,39,6
06083002932,19,0,0,19,0
06065031503,55,3,1745000,34,18
06085508101,42,0,0,41,1
06065046900,19,2,380000,15,2
06083002933,12,0,0,12,0
06037603302,31,1,345000,28,2
06025011500,25,2,670000,12,11
06037408631,39,1,765000,32,6
06085508102,23,0,0,23,0
06071000904,49,4,2440000,36,9
06037109604,32,0,0,26,6
06087100700,15,0,0,15,0
06079012404,71,4,2660000,59,8
06037555211,25,2,1290000,20,3
06061022300,40,0,0,40,0
06065031504,34,0,0,26,8
06037481403,5,0,0,4,1
06037555212,17,1,1445000,14,2
06007000403,25,3,1195000,21,1
06037920322,58,2,1080000,51,5
06037536102,35,1,635000,23,11
06037480011,28,0,0,28,0
06047002100,35,1,425000,29,5
06099002100,34,0,0,21,13
06083002934,25,1,515000,23,1
06079012405,29,4,2800000,25,0
06037120400,33,0,0,29,4
06041102100,56,0,0,56,0
06037212202,5,0,0,5,0
06083002935,13,0,0,13,0
06007000404,53,2,1720000,47,4
06079012406,35,0,0,28,7
06037536103,36,0,0,34,2
06019005000,50,4,2200000,40,6
06059099220,72,1,765000,67,4
06037481404,26,0,0,26,0
06037480012,35,0,0,35,0
06033000601,45,6,1690000,26,13
06065050301,102,21,12985000,70,11
06037212203,1,0,0,1,0
06083002936,2,0,0,2,0
06037920050,23,3,1195000,14,6
06037536104,28,0,0,20,8
06037123010,6,0,0,6,0
06033000602,63,2,590000,47,14
06065050302,109,21,12925000,75,13
06037197500,20,0,0,19,1
06081610601,18,0,0,18,0
06023010600,14,0,0,14,0
06001406000,6,0,0,4,2
06083002937,11,0,0,11,0
06059099222,30,0,0,28,2
06001443102,47,0,0,47,0
06029002401,73,2,720000,33,38
06115040301,22,4,1430000,12,6
06037212204,5,0,0,5,0
06075010600,18,0,0,18,0
06029002402,33,1,285000,14,18
06115040302,14,2,760000,9,3
06073002301,11,1,1085000,10,0
06059099223,27,0,0,27,0
06081610602,35,0,0,35,0
06037920326,73,1,755000,70,2
06001443103,28,0,0,28,0
06059088901,27,0,0,26,1
06089012101,82,1,425000,60,21
06037131801,20,0,0,18,2
06059099224,34,0,0,33,1
06001443104,49,0,0,48,1
06037700700,39,0,0,39,0
06089012102,16,1,315000,11,4
06029006403,11,0,0,8,3
06029002403,8,1,355000,6,1
06073002302,22,4,2160000,17,1
06059088902,22,0,0,21,1
06001433900,32,0,0,30,2
06083002310,10,0,0,9,1
06001443105,39,0,0,39,0
06059099225,40,0,0,40,0
06073020021,49,2,1240000,47,0
06037920328,31,0,0,28,3
06059088903,38,0,0,36,2
06029006404,5,0,0,3,2
06115040304,113,16,6120000,66,31
06067004904,80,3,1155000,58,19
06037920013,181,3,2515000,156,22
06037131802,22,0,0,21,1
06029006405,7,0,0,3,4
06059088904,22,0,0,21,1
06071001400,13,0,0,12,1
06059099226,37,1,1085000,35,1
06115040305,150,38,15700000,80,32
06037920329,85,1,535000,78,6
06037541700,31,0,0,25,6
06037910810,38,3,2705000,31,4
06059099227,49,2,1460000,46,1
06073020023,81,6,4710000,73,2
06073017701,44,0,0,44,0
06037920015,115,4,2600000,103,8
06073013701,46,4,3390000,42,0
06059088905,32,0,0,31,1
06029006406,15,0,0,10,5
06067004906,45,1,405000,36,8
06067004907,21,3,555000,16,2
06037651221,20,0,0,20,0
06073017702,24,0,0,23,1
06043000301,60,2,670000,43,14
06037920016,93,3,2005000,78,12
06053001700,30,0,0,26,4
06037500600,47,2,1030000,29,16
06073013702,50,3,1605000,40,7
06073020024,54,5,2055000,44,5
06029003210,101,4,1960000,84,13
06077000600,12,0,0,7,5
06067004908,37,1,465000,28,8
06043000302,31,1,305000,27,3
06037651222,44,0,0,42,2
06073020025,59,4,2590000,53,2
06059099229,61,0,0,59,2
06037920017,74,4,2430000,61,9
06029003211,47,4,1490000,31,12
06037209300,3,0,0,2,1
06077004600,44,3,1945000,36,5
06067007202,40,0,0,31,9
06067003202,39,1,415000,29,9
06067004909,22,1,305000,18,3
06037920018,45,1,765000,40,4
06037910814,68,3,2505000,55,10
06037201301,27,0,0,25,2
06055201003,130,4,3240000,100,26
06073020026,279,12,8700000,253,14
06029003212,105,2,960000,93,10
06001436200,13,0,0,12,1
06037227020,11,0,0,9,2
06067003203,15,0,0,14,1
06111009400,17,0,0,17,0
06029003213,96,5,2355000,80,11
06065043401,63,5,1765000,36,22
06037910815,106,2,1280000,81,23
06055201004,61,0,0,55,6
06037201302,50,2,1380000,48,0
06037910501,12,0,0,9,3
06111005401,52,2,1540000,45,5
06067007204,71,2,940000,54,15
06081603700,69,2,2550000,65,2
06067003204,42,3,1175000,29,10
06073020028,6,1,415000,4,1
06055201005,26,2,1370000,20,4
06095251200,49,1,545000,33,15
06029003214,14,1,175000,12,1
06037910502,36,1,455000,21,14
06073020029,25,0,0,24,1
06037540000,21,1,755000,16,4
06065043403,45,6,2060000,19,20
06073016000,35,5,3525000,28,2
06029003215,36,0,0,28,8
06081607701,37,0,0,37,0
06037216700,33,0,0,33,0
06055201006,43,0,0,40,3
06037703002,113,0,0,110,3
06037544001,38,0,0,32,6
06111005403,26,1,885000,24,1
06037220100,26,0,0,25,1
06065043404,63,10,2620000,29,24
06081607702,22,0,0,22,0
06017030301,53,0,0,46,7
06029003216,40,3,935000,29,8
06037703003,86,1,515000,77,8
06067007206,81,2,900000,65,13
06055201007,45,1,635000,35,9
06065043405,29,2,550000,18,9
06067007207,66,1,395000,52,13
06017030302,52,2,1540000,47,3
06083002005,108,10,7150000,87,11
06037544002,35,1,695000,23,11
06037910504,47,1,305000,30,16
06039000301,39,0,0,26,13
06037113231,30,0,0,29,1
06111005404,58,4,2630000,49,5
06097153710,46,1,485000,45,0
06029003217,37,2,750000,27,8
06085502800,53,0,0,53,0
06067004011,14,0,0,13,1
06037124902,8,0,0,8,0
06039000302,53,4,1190000,28,19
06037113232,78,1,935000,73,4
06067007208,58,4,2030000,45,9
06029003218,170,3,1145000,114,53
06097153711,28,0,0,27,1
06037910505,35,1,405000,23,11
06083002006,66,9,6865000,53,4
06013349000,60,0,0,60,0
06037124903,22,0,0,20,2
06067007209,58,4,1780000,36,18
06067004012,41,0,0,40,1
06029003219,89,2,640000,60,27
06037297201,20,0,0,18,2
06097153712,17,0,0,16,1
06085506801,119,0,0,118,1
06037297202,21,0,0,19,2
06037113234,23,0,0,20,3
06113010510,21,1,815000,20,0
06021010200,61,4,1610000,53,4
06037530801,34,2,1530000,28,4
06085506802,74,0,0,72,2
06059001710,47,0,0,44,3
06107001400,44,2,830000,32,10
06037231500,55,0,0,47,8
06083002008,109,13,6925000,76,20
06073006801,42,5,3945000,35,2
06067004013,52,0,0,47,5
06037113235,25,0,0,21,4
06037293203,10,0,0,10,0
06037530802,25,0,0,22,3
06073006802,48,7,4765000,40,1
06037239501,18,1,665000,11,6
06037534802,8,0,0,4,4
06067004014,29,2,1170000,26,1
06085506803,71,0,0,70,1
06083002009,64,4,2650000,52,8
06037463601,46,0,0,46,0
06113010511,27,0,0,27,0
06037143700,78,0,0,78,0
06113010512,12,0,0,11,1
06019007700,34,2,660000,25,6
06037239502,22,1,585000,13,8
06037463602,70,0,0,70,0
06067004015,48,1,635000,45,2
06037534803,26,0,0,20,6
06037293204,27,2,1890000,24,1
06047000801,47,2,590000,35,10
06085506804,66,0,0,66,0
06001441800,75,0,0,75,0
06037405900,44,0,0,35,9
06037534804,11,0,0,8,3
06113010513,4,0,0,4,0
06047000802,63,6,1910000,45,12
06019003701,35,3,955000,18,14
06037106641,32,2,2110000,30,0
06067004016,32,0,0,29,3
06037293205,34,2,1610000,28,4
06037113237,46,1,945000,42,3
06019003702,64,7,2275000,42,15
06073021600,27,2,1660000,25,0
06067004017,27,1,415000,26,0
06105000500,28,0,0,20,6
06037106642,55,0,0,51,4
06077001101,64,4,1680000,43,17
06059063101,29,0,0,29,0
06037401902,54,0,0,54,0
06037293206,9,0,0,9,0
06001404700,38,1,1485000,37,0
06001408700,64,0,0,55,9
06001400700,50,0,0,47,3
06037113238,25,0,0,22,3
06037113239,4,0,0,4,0
06067004018,35,0,0,32,3
06037574201,53,3,2375000,48,2
06059063102,75,1,745000,72,2
06037106643,67,1,675000,66,0
06007001400,77,1,1325000,72,4
06097153403,39,0,0,38,1
06077001102,76,1,375000,52,23
06037482401,15,0,0,14,1
06037570202,56,1,515000,48,7
06059001401,57,1,755000,51,5
06067004019,17,0,0,16,1
06113010201,49,2,880000,43,4
06081600200,18,1,835000,17,0
06037106603,55,0,0,53,2
06037301000,32,0,0,31,1
06059063103,42,0,0,42,0
06053013600,25,2,1160000,21,2
06097153404,53,0,0,52,1
06037574202,24,0,0,23,1
06037570203,14,0,0,10,4
06037106604,21,0,0,18,3
06059001402,52,0,0,45,7
06023000200,43,1,305000,37,5
06037800406,32,0,0,32,0
06037183101,47,0,0,44,3
06037600302,37,0,0,24,13
06037106645,71,0,0,65,6
06061023300,127,12,7250000,94,21
06097153405,38,0,0,36,2
06037217200,26,0,0,25,1
06089010803,69,7,2125000,53,9
06037213201,7,0,0,7,0
06037482403,6,0,0,6,0
06037570204,29,0,0,21,8
06037600303,16,0,0,16,0
06099003100,26,1,795000,20,5
06059001403,48,0,0,45,3
06097153406,20,0,0,20,0
06037106646,48,0,0,43,5
06113010203,21,0,0,20,1
06089010804,38,3,1065000,33,2
06041103100,108,1,1405000,105,2
06059074501,15,0,0,12,3
06037213202,11,0,0,11,0
06037600304,11,0,0,9,2
06059001404,27,1,515000,20,6
06037183103,12,1,905000,9,2
06059074502,14,0,0,12,2
06005000500,58,1,465000,51,6
06001440100,20,0,0,20,0
06037482404,20,1,265000,18,1
06001444100,104,0,0,101,3
06071009906,74,5,1855000,40,29
06065051301,71,8,3400000,31,32
06113010204,54,6,2160000,37,11
06089010805,65,7,3095000,55,3
06065051302,58,2,770000,36,20
06019006001,62,1,495000,43,18
06089010806,33,1,305000,24,8
06037183104,28,0,0,26,2
06037106648,23,0,0,20,3
06081611600,36,0,0,35,1
06037194500,27,0,0,26,1
06037265701,30,0,0,30,0
06067001900,28,1,475000,27,0
06037106649,21,0,0,17,4
06037228600,13,0,0,9,4
06037224600,3,0,0,3,0
06019006002,47,0,0,31,16
06023011600,15,0,0,12,3
06089010807,84,4,1570000,69,11
06037265702,41,0,0,41,0
06075015600,21,0,0,21,0
06067005901,82,2,1120000,74,6
06071009908,97,8,2930000,60,29
06057000502,71,1,175000,63,7
06057000503,18,0,0,17,1
06073003301,25,5,2985000,18,2
06037191620,2,0,0,2,0
06083000700,67,0,0,67,0
06037106020,43,1,375000,31,11
06087120500,127,1,625000,117,9
06067008510,86,0,0,84,2
06067005903,10,1,545000,9,0
06057000504,56,0,0,46,10
06037460101,85,0,0,82,3
06001430900,26,1,865000,24,1
06031000701,90,18,6340000,49,23
06037464101,30,0,0,30,0
06037701701,22,0,0,21,1
06031000702,49,5,1445000,27,17
06073003303,40,9,4995000,29,2
06067005904,83,2,1140000,72,9
06067008512,100,3,1745000,97,0
06085510700,42,0,0,41,1
06037464102,46,0,0,46,0
06037294820,6,0,0,5,1
06037701702,11,0,0,11,0
06073003304,20,6,2810000,13,1
06067008513,68,1,625000,67,0
06037542700,51,0,0,38,13
06071006401,6,0,0,5,1
06001401200,30,0,0,30,0
06037103101,46,0,0,44,2
06055202000,36,0,0,34,2
06075030400,42,0,0,41,1
06037264000,47,0,0,47,0
06073003305,52,5,3265000,39,8
06073014701,69,9,5355000,54,6
06037103102,57,0,0,49,8
06071006402,28,2,890000,17,9
06037402403,26,0,0,18,8
06073014702,75,5,3775000,63,7
06037900102,19,1,405000,10,8
06071002403,31,0,0,22,9
06071002404,15,0,0,11,4
06037402405,38,2,1220000,27,9
06037900103,113,7,2125000,59,47
06037206302,1,0,0,1,0
06037224020,3,0,0,3,0
06037402406,33,0,0,27,5
06103000100,67,9,2785000,50,8
06037294510,9,0,0,4,5
06071002405,29,0,0,19,10
06067008203,65,2,1280000,57,6
06083003001,32,0,0,30,2
06037900104,110,7,2505000,54,46
06001437200,67,0,0,66,1
06037206303,2,0,0,2,0
06071002406,8,0,0,4,4
06065040402,107,3,2315000,91,13
06081604700,28,0,0,28,0
06059075002,40,0,0,37,3
06067008204,85,2,960000,77,6
06081608700,85,0,0,85,0
06013310000,60,0,0,46,14
06037191000,14,0,0,14,0
06065040403,45,3,1715000,31,11
06065044403,89,9,4315000,44,36
06059075003,4,0,0,4,0
06059075004,4,0,0,4,0
06067008206,75,4,2170000,63,8
06083003004,40,0,0,39,1
06065040404,41,2,1070000,25,14
06065044404,58,2,820000,49,7
06083003005,27,0,0,27,0
06067008207,63,1,495000,60,2
06065040405,85,5,2965000,68,12
06065044405,84,3,1495000,73,8
06095252203,66,5,3505000,56,5
06041115000,117,0,0,113,4
06041111001,1,0,0,1,0
06059086402,34,1,755000,31,2
06067008208,46,4,1840000,37,5
06065044406,58,8,3740000,32,18
06037273600,34,0,0,33,1
06037294200,31,0,0,27,4
06095252204,90,2,2160000,85,3
06065044407,75,14,6150000,41,20
06083003007,41,0,0,41,0
06041111002,40,0,0,39,1
06037531800,15,0,0,11,4
06067008209,59,2,1440000,56,1
06095252205,130,3,1815000,117,10
06073007800,35,1,585000,33,1
06085503802,63,0,0,61,2
06059086404,39,2,2110000,31,6
06037232500,33,0,0,24,9
06095252206,108,8,6110000,88,12
06059021820,69,2,1780000,65,2
06045010100,8,0,0,6,2
06037535802,31,0,0,24,7
06085503803,30,0,0,30,0
06059086405,37,0,0,34,3
06099001800,11,0,0,9,2
06059021821,108,5,3045000,99,4
06107002401,85,7,2965000,64,14
06085503804,48,0,0,47,1
06107002402,141,7,2925000,74,60
06037502100,60,2,1320000,48,10
06037535803,17,0,0,14,3
06059086406,21,0,0,21,0
06001442800,40,0,0,38,2
06059021822,142,1,865000,140,1
06047001801,32,3,1715000,27,2
06085507805,22,0,0,22,0
06019000701,10,0,0,8,2
06059086407,44,0,0,42,2
06077002100,28,1,385000,19,8
06059021823,61,1,1125000,57,3
06107002403,107,7,2985000,74,26
06037535804,18,1,605000,13,4
06019000702,14,0,0,10,4
06001405700,28,0,0,25,3
06059021824,43,1,1205000,41,1
06085507806,25,0,0,25,0
06071010300,27,3,635000,17,7
06001409700,30,0,0,22,8
06085507807,23,0,0,23,0
06089011801,32,1,545000,27,4
06037571201,51,0,0,49,2
06037550601,53,4,2540000,40,9
06019004703,49,1,335000,32,16
06059021825,32,0,0,32,0
06037406903,58,3,1385000,49,6
06037575201,24,1,535000,22,1
06007002401,14,1,235000,12,1
06019004704,35,0,0,24,11
06085507808,47,0,0,45,2
06037575202,11,1,815000,5,5
06013307101,60,3,1155000,43,14
06037125321,12,0,0,12,0
06089011802,42,2,970000,34,6
06037571202,47,1,705000,44,2
06037550602,40,1,895000,36,3
06037188100,34,0,0,30,4
06059042111,119,2,1920000,115,2
06059021826,55,1,525000,43,11
06081605200,34,0,0,34,0
06079010403,65,0,0,61,4
06081601200,52,0,0,50,2
06053014601,21,0,0,19,2
06007002402,49,6,2070000,29,14
06023001200,25,0,0,23,2
06089011803,51,4,1750000,37,10
06059021827,55,1,1505000,53,1
06013307102,77,2,940000,54,21
06085503220,37,0,0,35,2
06061020300,57,4,1850000,47,6
06059042112,121,2,2220000,115,4
06019004705,20,0,0,15,5
06079010404,37,1,815000,34,2
06071010030,45,0,0,28,17
06065941100,56,0,0,55,1
06019004706,38,2,510000,27,9
06059042113,72,1,1805000,68,3
06085503221,9,0,0,9,0
06059021828,63,0,0,58,5
06041108100,112,0,0,111,1
06085503222,17,0,0,17,0
06001420500,19,0,0,19,0
06073008380,30,0,0,30,0
06059021829,67,0,0,66,1
06053010603,71,4,2500000,53,14
06013303104,110,4,2350000,102,4
06099000101,70,3,1465000,65,2
06059042114,57,0,0,55,2
06071010031,97,7,2845000,51,39
06081612600,24,0,0,24,0
06037195500,56,1,1845000,54,1
06085500300,33,0,0,33,0
06073008381,15,0,0,15,0
06059042115,18,0,0,18,0
06067002900,90,2,940000,75,13
06053010604,31,1,465000,20,10
06013303105,30,1,815000,22,7
06071010032,70,1,345000,38,31
06041104102,60,2,780000,56,2
06099000102,46,2,1320000,44,0
06071010033,2,0,0,2,0
06053010605,14,1,645000,12,1
06067006901,23,1,285000,20,2
06059042116,80,1,1185000,78,1
06013303106,99,3,2465000,89,7
06041104103,43,0,0,42,1
06037620101,65,2,1590000,61,2
06073004300,48,2,2930000,45,1
06037192620,2,0,0,2,0
06037107020,30,2,1190000,21,7
06037461100,56,1,575000,53,2
06073000301,23,1,765000,22,0
06053010606,55,0,0,49,6
06037620102,25,0,0,24,1
06075012601,17,0,0,17,0
06067006902,31,0,0,21,10
06013391000,33,0,0,32,1
06013303107,87,4,1790000,75,8
06075016601,22,0,0,22,0
06041104104,66,2,1620000,60,4
06055200703,59,2,2690000,54,3
06071010034,113,6,3170000,80,27
06073008301,59,0,0,59,0
06037702700,35,0,0,35,0
06037262704,38,0,0,38,0
06053010607,11,0,0,7,4
06001435900,57,0,0,51,6
06071010035,42,1,335000,22,19
06075012602,16,1,2975000,14,1
06037532302,30,1,465000,21,8
06055200704,49,0,0,48,1
06087121501,34,1,955000,33,0
06073008343,28,0,0,26,2
06073000302,26,1,815000,25,0
06075016602,7,0,0,7,0
06053010608,14,0,0,12,2
06071010036,53,3,1125000,39,11
06031001702,20,1,335000,15,3
06037407400,12,0,0,11,1
06037532303,53,2,1140000,37,14
06073008303,48,0,0,48,0
06055200705,26,0,0,25,1
06095250900,17,0,0,15,2
06073008344,41,0,0,39,2
06087121502,10,1,985000,7,2
06013337300,78,0,0,76,2
06031001703,17,0,0,14,3
06037532304,10,0,0,8,2
06073008345,41,2,1520000,39,0
06037403401,47,1,635000,45,1
06037262706,48,0,0,48,0
06019001201,38,1,265000,28,9
06055200706,55,1,705000,52,2
06085511701,41,0,0,41,0
06071010037,117,7,2735000,64,46
06001402200,25,0,0,24,1
06073008305,3,0,0,3,0
06073015701,5,0,0,5,0
06073019701,74,7,4565000,64,3
06073008346,57,1,1415000,55,1
06037311601,25,0,0,25,0
06085511702,31,0,0,30,1
06083001704,27,0,0,26,1
06071010038,82,6,2520000,46,30
06037269000,45,0,0,45,0
06075035400,53,0,0,53,0
06019001202,21,1,355000,12,8
06055200707,28,1,705000,25,2
06037543701,22,0,0,19,3
06071003401,82,2,960000,58,22
06037403402,29,1,665000,28,0
06075031401,11,0,0,10,1
06073008306,49,0,0,47,2
06085504307,52,0,0,51,1
06037311602,40,0,0,38,2
06037403403,49,0,0,48,1
06073019702,78,3,3025000,69,6
06037240401,17,1,835000,13,3
06037901101,77,8,3830000,55,14
06071010039,77,6,2600000,52,19
06073008347,71,4,3760000,63,4
06037403404,14,0,0,14,0
06037226410,8,0,0,5,3
06085504308,42,0,0,42,0
06073008307,53,1,1405000,52,0
06037901102,118,13,6235000,72,33
06037240402,28,1,595000,20,7
06037543703,32,1,635000,22,9
06075031402,28,0,0,27,1
06071003403,42,1,565000,28,13
06085511704,36,0,0,35,1
06069000300,50,1,735000,40,8
06001450741,68,0,0,68,0
06037104103,19,0,0,17,2
06083001706,59,0,0,56,3
06073008348,49,1,1015000,46,2
06067009201,110,6,3410000,93,11
06037543704,28,0,0,23,5
06085511705,11,0,0,11,0
06071003404,16,1,505000,11,4
06037296901,20,0,0,19,1
06065049400,99,9,4065000,65,25
06073008349,31,1,725000,30,0
06001450742,63,0,0,63,0
06037650300,56,2,1870000,49,5
06001450701,118,0,0,117,1
06073015704,44,5,2345000,37,2
06071007404,74,4,2300000,56,14
06075042800,31,0,0,31,0
06073015705,14,2,920000,12,0
06037204420,8,0,0,8,0
06071003405,10,0,0,8,2
06037296902,30,1,645000,26,3
06037104105,30,1,525000,24,5
06037543705,27,0,0,25,2
06001450743,52,0,0,51,1
06059076001,74,2,1650000,59,13
06073015706,5,0,0,5,0
06037207303,5,0,0,5,0
06085511707,35,0,0,35,0
06037403407,13,0,0,13,0
06001450744,70,0,0,69,1
06085512510,156,4,3460000,130,22
06013311000,64,2,1380000,46,15
06081609700,75,0,0,74,1
06103001101,29,1,385000,20,8
06065042520,27,0,0,15,12
06059076002,12,1,825000,11,0
06013315000,60,0,0,48,12
06037207304,11,0,0,11,0
06085512511,54,0,0,47,7
06103001102,59,2,650000,39,15
06065042521,58,2,940000,34,22
06071007407,17,1,285000,8,8
06001450745,52,0,0,51,1
06037403408,50,0,0,49,1
06065041403,68,5,3355000,53,10
06095253201,85,11,6485000,67,7
06085512512,40,0,0,37,3
06037104108,11,0,0,7,4
06037192001,20,0,0,20,0
06071007408,27,4,1350000,17,6
06037222100,18,0,0,16,2
06001450746,56,0,0,55,1
06059062800,52,0,0,52,0
06065041404,42,1,635000,34,7
06065042522,15,1,485000,12,2
06037403409,39,1,685000,38,0
06059032061,97,1,755000,96,0
06037207305,18,1,435000,17,0
06059032020,78,0,0,73,5
06085512513,23,2,1470000,18,3
06037433601,16,0,0,15,1
06037192002,36,0,0,36,0
06075013101,29,0,0,29,0
06065041405,40,0,0,36,4
06059087401,71,3,1605000,65,3
06041116000,38,0,0,38,0
06095253203,90,6,3600000,69,14
06059032062,99,1,915000,98,0
06037577900,62,4,2720000,50,8
06037207306,11,0,0,11,0
06071007409,100,3,1435000,61,36
06065042523,35,0,0,25,10
06087110601,33,1,225000,26,6
06037204110,18,0,0,15,3
06087110602,11,0,0,11,0
06085512514,46,0,0,46,0
06059032063,119,1,645000,116,2
06085508800,15,0,0,15,0
06037433602,9,0,0,9,0
06001432400,33,0,0,32,1
06075013102,17,0,0,17,0
06059032022,73,1,575000,68,4
06065041406,39,3,1675000,29,7
06077003410,60,3,1215000,45,12
06065042210,12,0,0,11,1
06059032064,36,0,0,36,0
06059087403,58,0,0,57,1
06065041407,40,1,535000,28,11
06095253205,36,2,1350000,31,2
06037134302,53,0,0,52,1
06085512515,87,1,1055000,85,1
06037573902,41,0,0,40,1
06085512200,74,1,2025000,69,4
06037212900,5,0,0,5,0
06059087404,13,0,0,13,0
06111001602,28,0,0,27,1
06037300701,74,0,0,74,0
06095253206,59,6,4930000,50,3
06037237500,13,0,0,13,0
06059032065,108,2,1700000,102,4
06065041408,17,0,0,13,4
06075020500,28,0,0,28,0
06085512516,38,3,2275000,34,1
06073012200,34,4,3250000,24,6
06037134303,86,0,0,77,9
06107003401,17,1,515000,13,3
06037141700,72,0,0,69,3
06095253207,30,2,1650000,25,3
06037134304,34,0,0,33,1
06059032066,546,21,17485000,492,33
06065042212,76,1,425000,54,21
06059087405,23,1,765000,17,5
06037300702,90,0,0,88,2
06037134305,2,0,0,2,0
06095253208,38,4,2090000,27,7
06065042213,32,1,655000,26,5
06037554521,43,0,0,38,5
06099002801,69,3,1205000,44,22
06107003402,24,0,0,20,4
06053000200,29,0,0,20,9
06019005701,40,2,800000,32,6
06037134306,31,0,0,27,4
06037554522,55,0,0,53,2
06065042214,150,6,3960000,116,28
06045011102,56,0,0,53,3
06059032027,65,3,1935000,61,1
06099002802,57,2,880000,45,10
06037576200,28,1,675000,25,2
06019005702,78,6,2640000,63,9
06037127711,35,0,0,34,1
06099002803,47,3,1065000,38,6
06071011300,70,3,1535000,59,8
06059032028,59,4,1880000,51,4
06001406700,94,0,0,89,5
06037503103,34,0,0,27,7
06059032029,75,1,425000,70,4
06037127712,16,0,0,15,1
06019005703,90,3,1355000,73,14
06001410100,28,0,0,23,5
06037480400,36,0,0,34,2
06097151403,56,4,2470000,47,5
06037503104,14,1,985000,11,2
06019005704,56,6,2310000,42,8
06097151404,19,0,0,16,3
06013345203,180,1,2005000,177,2
06101051000,19,1,275000,15,3
06065042217,91,6,3880000,80,5
06037189101,12,0,0,12,0
06037185101,22,0,0,19,3
06037503105,35,2,1650000,31,2
06081602201,16,0,0,14,2
06081606201,18,0,0,18,0
06075980600,43,2,1310000,40,1
06013345204,66,0,0,66,0
06097151405,23,0,0,23,0
06037127400,15,0,0,13,2
06037503106,24,0,0,18,6
06037189102,11,0,0,11,0
06081606202,16,1,1205000,14,1
06081602202,7,0,0,7,0
06013345205,46,0,0,46,0
06097151406,25,1,665000,21,3
06037185102,69,0,0,65,4
06077003106,73,2,490000,61,10
06037267700,24,0,0,24,0
06001421500,42,0,0,41,1
06013345206,47,0,0,46,1
06055201700,33,0,0,29,4
06071008710,38,1,185000,31,6
06059110001,58,1,555000,55,2
06085501300,29,1,1005000,27,1
06067003900,47,2,1520000,42,3
06081613600,66,1,1175000,63,2
06053011604,29,0,0,29,0
06037533300,5,0,0,4,1
06071008711,53,2,1520000,47,4
06085505301,25,0,0,25,0
06053011605,53,2,3290000,50,1
06077003108,46,3,835000,33,10
06087122500,28,0,0,24,4
06073005301,18,8,4010000,10,0
06077003109,81,4,1100000,56,21
06037462100,33,1,1145000,29,3
06013392000,43,0,0,40,3
06085509302,30,0,0,30,0
06059110003,43,0,0,39,4
06053011606,44,0,0,44,0
06075021000,34,0,0,34,0
06071008712,77,3,1035000,67,7
06073001301,29,2,1390000,27,0
06073009301,58,2,1460000,54,2
06085505302,45,0,0,45,0
06037621102,49,0,0,48,1
06075017602,14,1,535000,13,0
06085505303,33,0,0,32,1
06037234001,46,0,0,40,6
06059110004,77,2,1990000,71,4
06001436900,41,0,0,40,1
06067007903,67,2,1570000,56,9
06071008713,54,4,2190000,47,3
06073005302,20,3,1455000,16,1
06073001302,26,2,1070000,23,1
06085509303,35,0,0,35,0
06071008714,40,4,1780000,27,9
06019002200,47,2,640000,35,10
06067007904,102,2,1150000,86,14
06037234002,29,0,0,26,3
06085509304,25,0,0,25,0
06037621104,62,1,1575000,60,1
06085505304,30,0,0,29,1
06075017603,138,0,0,138,0
06059110005,57,1,1165000,56,0
06067007905,53,2,1160000,48,3
06083002703,41,2,1070000,31,8
06037404401,32,0,0,26,6
06071008715,128,7,4115000,101,20
06059110006,35,1,1305000,33,1
06075017604,10,0,0,10,0
06013338301,34,0,0,32,2
06037408401,31,1,865000,28,2
06037109100,43,1,785000,37,5
06037540700,29,0,0,24,5
06095251901,61,6,2800000,46,9
06085505305,42,1,705000,40,1
06029003600,49,0,0,31,18
06037404402,28,0,0,21,7
06071000401,72,4,2540000,59,9
06067007906,52,3,2085000,45,4
06071004401,51,1,295000,34,16
06059110007,72,0,0,71,1
06037400402,61,0,0,59,2
06037241400,24,0,0,16,8
06071008716,143,11,6485000,112,20
06065031001,82,7,3445000,54,21
06037408402,58,1,1145000,52,5
06095251902,66,2,930000,52,12
06001407200,30,1,1235000,25,4
06073009305,50,6,4900000,43,1
06013338302,82,0,0,82,0
06059099305,46,0,0,41,5
06065031002,53,1,465000,34,18
06071008402,91,2,1290000,75,14
06059110008,57,2,2610000,52,3
06083002705,38,3,885000,27,8
06095251903,58,1,635000,41,16
06073009306,72,6,4760000,62,4
06037400403,73,3,1705000,67,3
06073009307,36,3,2335000,30,3
06071004403,47,0,0,36,11
06071000403,41,1,1075000,36,4
06071008403,84,3,1655000,76,5
06037400404,62,1,705000,59,2
06059099306,69,2,3510000,63,4
06083002706,38,3,1545000,23,12
06071008404,9,1,635000,7,1
06083002707,26,1,335000,20,5
06071004404,43,0,0,35,8
06059099307,26,1,725000,25,0
06087100200,59,0,0,56,3
06073009308,42,5,2585000,36,1
06071000404,41,1,485000,36,4
06001451701,61,0,0,58,3
06025011001,106,10,3740000,54,40
06059099308,91,2,2250000,88,1
06071008405,55,2,720000,41,12
06065046401,58,4,1990000,34,20
06033000100,28,1,405000,24,3
06083002708,28,3,1615000,18,7
06023940000,8,0,0,5,3
06013316000,5,1,765000,4,0
06083002709,23,2,930000,18,3
06059011300,30,1,1215000,29,0
06065043520,79,17,7845000,45,17
06071008406,57,2,1080000,50,5
06059099309,89,0,0,87,2
06037408133,35,2,1330000,31,2
06075047801,16,0,0,16,0
06013312000,31,2,910000,22,7
06025011002,155,18,7500000,93,42
06037651302,75,1,1115000,73,1
06065046402,78,8,3790000,47,23
06073020105,55,6,3870000,46,3
06001451703,63,0,0,56,7
06065043521,43,0,0,26,16
06067000400,35,1,875000,33,1
06073020106,58,4,2990000,47,7
06065046403,101,10,4570000,65,26
06081610100,20,0,0,20,0
06075047802,13,0,0,13,0
06001451704,73,2,2890000,70,1
06037408134,22,0,0,21,1
06065043522,13,0,0,8,5
06013389100,16,0,0,15,1
06037408135,33,0,0,32,1
06065046404,75,5,1815000,46,24
06073020107,52,5,4555000,43,4
06067004401,48,1,405000,36,11
06037651304,60,1,1655000,59,0
06037430600,47,0,0,47,0
06077001800,33,1,345000,22,10
06067007010,19,1,515000,16,2
06075010101,6,0,0,6,0
06065043523,24,1,535000,19,4
06037131300,46,1,825000,40,5
06037408136,36,0,0,32,4
06059088401,41,0,0,39,2
06065046405,64,8,4490000,42,14
06041117000,54,0,0,53,1
06037501802,37,0,0,29,8
06041113000,46,1,565000,43,2
06073020108,43,6,3390000,29,8
06067004402,52,3,1095000,42,7
06059088402,33,0,0,29,4
06037271600,15,0,0,15,0
06067007011,44,5,2295000,30,9
06075010102,14,0,0,13,1
06111002600,37,1,685000,35,1
06073020109,71,5,3735000,54,12
06037408137,19,0,0,19,0
06037201110,12,0,0,11,1
06037501803,21,0,0,20,1
06059063802,35,0,0,33,2
06023010102,18,1,365000,12,5
06111006600,77,0,0,76,1
06065043524,78,5,2265000,45,28
06037574901,41,0,0,37,4
06001433400,53,3,1855000,46,4
06037700200,37,0,0,37,0
06037570901,75,3,2155000,66,6
06037501804,10,0,0,9,1
06113010901,42,2,1010000,34,6
06081600900,30,0,0,29,1
06037574902,37,1,395000,30,6
06067007012,73,3,1185000,61,9
06059088403,54,1,525000,51,2
06059063803,49,0,0,45,4
06065043210,90,10,4800000,64,16
06037570902,55,3,2495000,47,5
06037408138,23,0,0,18,5
06065043292,168,27,19315000,119,22
06113010902,38,2,900000,30,6
06037301701,22,0,0,21,1
06037408139,16,1,685000,10,5
06059052408,99,2,2100000,94,3
06023000900,42,0,0,42,0
06067007013,29,1,255000,23,5
06065043293,60,4,4020000,51,5
06065043211,89,13,7385000,66,10
06037541200,107,6,2600000,75,26
06065043252,167,26,17390000,134,7
06037301702,25,0,0,24,1
06059063805,45,0,0,44,1
06073017201,21,0,0,21,0
06075025501,19,0,0,19,0
06037275603,31,0,0,30,1
06065940800,78,1,385000,77,0
06065043294,69,10,6290000,49,10
06059063806,54,0,0,54,0
06019006700,65,2,860000,49,13
06065043254,95,13,6825000,69,13
06037500100,62,1,2005000,60,1
06075025502,29,0,0,29,0
06073017202,28,0,0,28,0
06037275604,95,0,0,95,0
06053001200,38,1,995000,31,6
06065043295,153,30,16380000,96,27
06037275605,5,0,0,5,0
06099003802,23,0,0,18,5
06073013203,23,3,2235000,18,2
06065043296,55,4,2750000,48,3
06017031503,49,1,855000,40,8
06059063807,25,0,0,23,2
06067007016,53,1,495000,47,5
06037504101,60,2,1570000,48,10
06039000110,75,7,2315000,55,13
06077000101,1,0,0,1,0
06099003803,24,0,0,21,3
06059063808,21,0,0,21,0
06073013204,19,1,2055000,16,2
06067007017,51,1,415000,47,3
06065043256,69,15,9075000,49,5
06039000111,38,0,0,32,6
06065043297,418,62,39360000,317,38
06017031504,84,4,2430000,71,8
06073013205,6,1,635000,5,0
06001441921,17,0,0,16,1
06037552601,47,4,2560000,34,9
06077000102,4,0,0,4,0
06017031505,51,3,1395000,44,4
06065043298,90,15,9045000,68,7
06037460800,69,0,0,69,0
06065043216,82,19,10435000,53,10
06099003804,47,1,225000,32,14
06037552602,26,0,0,20,6
06073013206,18,1,1545000,15,2
06099003805,35,2,1170000,27,6
06037186100,65,0,0,64,1
06067007019,25,0,0,24,1
06081607200,15,0,0,15,0
06017031506,48,2,820000,36,10
06081603200,53,0,0,52,1
06013346203,71,0,0,70,1
06065043217,52,6,3410000,42,4
06001441923,16,0,0,15,1
06077004104,78,0,0,70,8
06037910002,114,0,0,66,48
06037239310,19,1,855000,12,6
06065043218,85,8,6120000,74,3
06013346204,138,1,1655000,136,1
06037216201,13,0,0,13,0
06037183220,33,0,0,32,1
06037124400,43,0,0,42,1
06077004105,70,5,2315000,57,8
06037482521,38,0,0,36,2
06037128400,46,0,0,46,0
06001441924,81,0,0,80,1
06013346205,83,0,0,83,0
06037213320,7,0,0,7,0
06037183221,38,0,0,37,1
06001422500,5,0,0,5,0
06037482522,49,1,555000,47,1
06037216202,13,0,0,13,0
06077004106,95,3,1855000,85,7
06013346206,63,0,0,62,1
06001441926,15,0,0,15,0
06113011400,46,1,455000,37,7
06077004107,38,2,1280000,31,5
06037183222,34,0,0,34,0
06001441927,20,0,0,20,0
06037601501,2,0,0,2,0
06077004108,268,17,8315000,175,76
06085502301,47,0,0,47,0
06029000911,21,1,385000,17,3
06085506301,66,0,0,66,0
06037601502,8,0,0,5,3
06085502302,27,0,0,26,1
06037530301,8,0,0,8,0
06001441928,26,0,0,26,0
06029000912,19,1,335000,16,2
06037302201,9,0,0,9,0
06085506302,73,0,0,70,3
06037534301,4,0,0,4,0
06071009712,93,3,1295000,60,30
06001441929,11,0,0,11,0
06037302202,8,0,0,8,0
06037143200,29,0,0,29,0
06037534302,4,0,0,3,1
06001437900,16,0,0,16,0
06037530302,20,0,0,19,1
06103000800,46,2,690000,33,10
06037139801,65,0,0,64,1
06037900804,47,5,1845000,21,21
06059075701,64,0,0,61,3
06071009713,162,16,5860000,83,63
06029000913,145,12,4540000,88,45
06037228720,17,0,0,12,5
06047000301,43,0,0,32,11
06003010000,32,1,535000,31,0
06037139802,82,0,0,82,0
06085506304,36,0,0,36,0
06037900805,99,7,2975000,54,38
06059075702,55,1,1195000,54,0
06071009714,95,3,1325000,50,42
06029000914,71,3,1715000,47,21
06037405400,43,1,495000,33,9
06037900806,18,0,0,14,4
06071009400,24,1,115000,17,6
06085506305,21,0,0,21,0
06037670603,14,0,0,14,0
06067008905,65,5,2105000,51,9
06001441301,16,0,0,16,0
06037121210,24,2,1230000,16,6
06037463103,58,0,0,56,2
06059075703,78,0,0,75,3
06071005400,57,3,1215000,40,14
06019003201,51,5,1485000,34,12
06047000303,3,0,0,3,0
06029000601,10,0,0,7,3
06019007202,45,1,275000,35,9
06019003202,39,0,0,25,14
06089010300,36,2,650000,25,9
06001441302,39,0,0,38,1
06001400200,24,0,0,24,0
06037900807,73,5,2095000,43,25
06037670604,72,1,1815000,69,2
06001408200,61,1,325000,53,7
06001404200,57,0,0,56,1
06029000602,8,1,105000,5,2
06095252903,65,7,6575000,56,2
06019007203,40,2,1230000,35,3
06037900808,66,6,2390000,38,22
06071009717,80,9,3755000,54,17
06067008907,68,2,1010000,53,13
06073021101,73,7,3455000,37,27
06029000603,11,0,0,9,2
06037224410,6,0,0,6,0
06037294900,14,0,0,12,2
06073021102,38,5,2465000,25,8
06019007204,93,3,1255000,75,15
06037228410,8,0,0,7,1
06037102103,27,0,0,26,1
06095252904,113,10,6520000,97,6
06067008908,69,6,2420000,48,14
06047000305,45,2,670000,32,11
06071009718,126,17,5525000,76,33
06067008909,24,1,505000,21,2
06073003111,33,3,1735000,24,6
06047000306,16,0,0,10,5
06087101200,22,0,0,21,1
06037102104,54,1,675000,52,1
06071009130,72,3,1215000,37,31
06071009719,53,3,1255000,36,14
06025012001,10,0,0,8,2
06037102105,10,0,0,9,1
06029004605,24,0,0,20,4
06073003112,50,10,7150000,37,3
06071009131,31,1,185000,12,17
06071009132,23,0,0,16,7
06013317000,24,0,0,22,2
06029004606,35,3,1275000,20,12
06033001101,31,1,595000,25,5
06065044520,22,1,295000,13,8
06037261200,75,0,0,75,0
06073003113,69,17,10825000,44,8
06059074003,14,0,0,13,1
06067001400,16,0,0,15,1
06025012003,29,1,345000,24,4
06037265201,27,0,0,26,1
06037102107,60,2,1290000,52,6
06095252908,40,7,3655000,27,6
06033001102,32,0,0,24,6
06065044521,28,1,235000,12,15
06073011902,53,8,4990000,42,3
06029004607,62,6,2370000,32,24
06071009133,143,10,3380000,48,85
06081611100,89,0,0,88,1
06045010801,44,5,3045000,34,5
06073018510,41,2,1550000,37,2
06073003114,44,9,5495000,34,1
06037203500,14,0,0,12,2
06045010802,15,1,615000,10,4
06037431600,33,0,0,33,0
06023011100,51,4,1360000,34,11
06025012004,36,0,0,28,8
06073003115,41,5,3385000,36,0
06037502801,75,2,1380000,68,5
06075015100,29,0,0,29,0
06073018511,55,3,1495000,51,1
06059074004,42,2,2330000,31,9
06077002800,72,1,545000,50,21
06095252909,197,26,16900000,151,20
06037228100,17,1,765000,8,8
06071009134,11,1,355000,5,5
06067005402,1,0,0,1,0
06037191120,11,0,0,11,0
06075011101,8,0,0,8,0
06031000200,18,0,0,14,4
06067008010,76,1,555000,70,5
06065044523,13,1,135000,9,3
06071009135,174,16,7650000,86,72
06037571900,80,3,2745000,76,1
06037265203,16,0,0,16,0
06073018512,83,14,6300000,54,14
06059074005,35,0,0,33,2
06037265204,4,0,0,4,0
06083000201,19,1,505000,18,0
06037132301,19,0,0,19,0
06001438400,20,0,0,20,0
06067005403,37,1,205000,34,2
06075011102,7,0,0,7,0
06037575901,30,3,1255000,26,1
06001430400,19,0,0,18,1
06059074006,59,4,1540000,52,3
06037221220,11,0,0,10,1
06071009136,141,5,2145000,65,70
06065044524,100,9,3535000,45,46
06083000202,15,1,915000,14,0
06085510200,46,0,0,45,1
06037701201,42,0,0,42,0
06071009137,88,7,2935000,56,25
06067005404,70,0,0,68,2
06037575902,56,0,0,49,7
06037132302,18,0,0,14,4
06037276601,40,0,0,40,0
06037701202,26,0,0,26,0
06081605901,25,0,0,25,0
06037218900,22,0,0,20,2
06081601901,32,0,0,29,3
06073018515,56,4,3200000,49,3
06037542200,38,1,605000,25,12
06073014200,110,6,4020000,90,14
06071009138,70,5,2175000,42,23
06101050701,69,9,3025000,47,12
06101050702,71,8,2840000,47,16
06073010201,35,7,4635000,26,2
06073018516,63,8,7080000,52,3
06071009139,126,5,2255000,71,50
06081605902,17,0,0,16,1
06081601902,39,0,0,37,2
06073018201,32,2,1970000,30,0
06073010202,39,14,13340000,23,2
06037214902,22,0,0,22,0
06077005140,51,3,1485000,31,17
06073018517,66,8,3630000,52,6
06073018202,15,1,925000,14,0
06099000801,106,5,2275000,72,29
06037276605,26,0,0,24,2
06073018518,31,4,2870000,21,6
06037214903,13,0,0,13,0
06077005141,109,5,2545000,68,36
06099000803,27,0,0,18,9
06037214904,11,0,0,11,0
06037620801,54,0,0,53,1
06037276606,58,1,765000,56,1
06073018519,44,7,5065000,33,4
06037553601,20,0,0,16,4
06037620802,38,0,0,38,0
06037276607,19,0,0,18,1
06111007607,97,1,505000,91,5
06081608200,32,0,0,32,0
06081604200,25,0,0,24,1
06111003608,17,0,0,15,2
06037276608,28,0,0,26,2
06099000805,55,2,690000,37,16
06071010420,142,4,1110000,121,16
06037553602,16,0,0,15,1
06059021903,69,0,0,60,9
06037911001,69,4,1590000,45,20
06037187101,26,0,0,24,2
06111007609,38,2,1800000,34,2
06037291130,17,2,1260000,12,3
06009000501,87,1,515000,77,9
06099000806,45,3,1225000,31,11
06099000807,18,0,0,18,0
06071010422,28,12,3950000,13,2
06065030700,82,2,1290000,68,12
06037187102,23,0,0,23,0
06013362000,41,0,0,38,3
06059021905,80,1,1025000,78,1
06079011600,56,0,0,55,1
06001402900,1,0,0,1,0
06001423500,19,0,0,18,1
06037269700,34,0,0,34,0
06077005106,538,18,10670000,478,42
06067009900,20,0,0,18,2
06071010424,37,2,750000,32,3
06007003600,52,4,1510000,31,16
06037273100,42,0,0,42,0
06009000504,38,0,0,38,0
06037125402,42,1,605000,39,2
06037535300,38,2,1110000,22,14
06071010425,20,1,255000,19,0
06037125403,7,0,0,7,0
06009000505,54,0,0,47,7
06085507301,59,0,0,59,0
06077005108,40,2,690000,33,5
06037125404,3,0,0,2,1
06077005109,28,1,495000,22,5
06085507302,34,0,0,34,0
06071010426,71,22,6600000,38,10
06037531301,11,0,0,10,1
06009000506,49,0,0,46,3
06025010700,40,6,1940000,21,12
06085504421,39,0,0,37,2
06071010427,39,3,1275000,27,9
06061021501,80,3,2155000,73,4
06075023001,23,0,0,23,0
06037531302,10,0,0,8,2
06037236001,82,1,895000,72,9
06073007302,45,1,2295000,43,1
06099001300,84,1,345000,68,15
06085504422,15,0,0,15,0
06085503304,33,0,0,32,1
06037602504,10,0,0,9,1
06061021502,54,2,780000,48,4
06019000200,9,0,0,9,0
06019008200,29,0,0,17,11
06037210010,6,0,0,6,0
06073007303,10,0,0,10,0
06071010428,120,7,2575000,95,15
06047001301,40,1,285000,30,9
06037192700,9,0,0,9,0
06037602505,5,0,0,5,0
06047001302,24,2,680000,16,6
06085504423,23,0,0,23,0
06085503305,40,0,0,37,3
06071010429,100,12,4250000,62,23
06011000100,34,2,680000,24,7
06073007304,22,0,0,21,1
06001442301,37,0,0,36,1
06075023003,28,2,1800000,26,0
06029005600,54,4,820000,26,24
06063000100,59,2,510000,46,11
06029001600,15,0,0,10,5
06037602506,5,0,0,4,1
06037310601,41,0,0,40,1
06085503306,23,1,425000,20,2
06085504424,31,0,0,31,0
06001405200,32,0,0,32,0
06001442302,45,0,0,45,0
06067009632,71,0,0,68,2
06001409200,15,1,575000,9,5
06089011300,69,7,1905000,45,17
06037602507,9,0,0,8,1
06037550101,32,1,765000,22,9
06037310602,25,0,0,25,0
06073022101,18,0,0,17,1
06067009633,44,2,460000,35,7
06037229410,11,0,0,8,3
06067009634,28,1,455000,21,6
06037204810,13,0,0,12,1
06073022102,85,3,3215000,81,1
06053010101,8,0,0,8,0
06067009320,44,3,1365000,34,7
06019004205,59,4,1250000,42,13
06067009635,52,1,665000,50,1
06067009321,55,0,0,50,5
06073012900,42,2,1480000,27,13
06053010102,21,0,0,20,1
06053014102,135,7,5865000,127,1
06013351101,65,0,0,59,6
06067009637,60,1,425000,54,5
06013359102,62,1,505000,53,8
06045011800,13,1,835000,11,1
06013318000,50,1,635000,48,1
06073016901,93,8,6280000,81,4
06037262200,68,0,0,68,0
06053014104,2,1,1175000,1,0
06053000900,13,0,0,12,1
06013351103,42,0,0,38,4
06001424001,25,0,0,24,1
06067002400,63,0,0,59,4
06019004208,120,2,640000,103,15
06067009323,77,3,1955000,67,7
06067006400,78,1,355000,56,21
06073016902,39,6,5100000,31,2
06013359103,55,0,0,51,4
06055200201,37,0,0,36,1
06075012100,5,0,0,5,0
06037199001,5,0,0,4,1
06053014105,21,2,1670000,19,0
06037503801,45,0,0,40,5
06067009639,224,3,1505000,194,27
06013351104,37,0,0,34,3
06013359104,44,1,405000,39,4
06001424002,22,0,0,21,1
06037229100,16,0,0,14,2
06055200202,18,2,1740000,16,0
06081612101,32,0,0,31,1
06013351105,29,0,0,26,3
06037208501,7,0,0,7,0
06081612102,9,0,0,9,0
06037432601,19,0,0,18,1
06075016101,7,0,0,7,0
06031001200,22,2,1000000,16,4
06037503802,75,1,625000,70,4
06067009010,26,1,465000,22,3
06055200203,30,1,725000,28,1
06087121000,43,2,2690000,40,1
06037199002,19,1,545000,18,0
06013359105,58,1,705000,51,6
06111000600,17,0,0,14,3
06037208502,5,0,0,5,0
06001435400,44,2,1190000,38,4
06037137301,45,0,0,44,1
06037432602,22,0,0,20,2
06067009326,68,1,905000,64,3
06067009011,60,3,1345000,54,3
06037576901,17,2,1540000,15,0
06111008601,27,2,1420000,20,5
06077003803,28,1,365000,20,7
06081602900,42,0,0,41,1
06095250400,43,0,0,31,12
06037702201,33,0,0,33,0
06053014108,29,1,2005000,27,1
06085511200,58,0,0,58,0
06037119310,28,0,0,26,2
06013355107,71,2,1470000,59,9
06081606900,38,0,0,38,0
06037137302,84,0,0,84,0
06037576903,21,0,0,21,0
06111008602,11,1,435000,9,1
06037311100,54,0,0,50,4
06077003804,82,3,1345000,58,21
06083001203,26,1,1055000,25,0
06037702202,41,0,0,40,1
06053014109,23,3,2275000,18,2
06067009328,85,2,1470000,70,13
06037189801,26,0,0,26,0
06073015200,87,2,1470000,84,1
06037134421,64,0,0,62,2
06037543201,36,4,2250000,27,5
06077003805,30,2,1110000,18,10
06067009329,109,4,1930000,79,26
06037219901,22,1,575000,20,1
06037189802,18,0,0,18,0
06065045212,55,0,0,46,9
06013355109,118,1,585000,95,22
06037576904,13,0,0,12,1
06037134422,83,0,0,81,2
06037134423,54,1,575000,51,2
06077003806,37,1,425000,23,12
06065045213,68,3,985000,53,12
06037219902,21,0,0,21,0
06059062650,58,0,0,55,3
06035040600,20,1,365000,9,9
06083001206,12,0,0,12,0
06059062651,26,0,0,26,0
06073019203,48,3,2025000,42,3
06065045214,131,7,4905000,119,5
06077003807,34,1,455000,26,7
06037134424,58,1,1075000,57,0
06059062610,166,1,775000,160,5
06001450200,41,0,0,40,1
06037543203,31,1,845000,23,7
06059062652,58,2,1220000,54,2
06077003808,54,2,840000,33,19
06037554600,30,1,725000,21,8
06037296401,54,2,870000,49,3
06059062611,19,0,0,19,0
06037462800,26,1,1215000,25,0
06059062653,28,0,0,28,0
06073019205,49,1,545000,41,7
06065045216,86,7,3065000,60,19
06037119001,31,0,0,27,4
06107000600,13,0,0,8,5
06083001208,31,0,0,31,0
06037296402,38,0,0,33,5
06037234700,40,1,415000,31,8
06075021700,53,0,0,52,1
06065045217,64,1,435000,50,13
06059062654,46,1,1035000,45,0
06073019206,38,5,2925000,30,3
06059062614,12,0,0,12,0
06085512052,28,0,0,28,0
06037119003,24,0,0,22,2
06059062655,68,0,0,68,0
06081609201,60,0,0,59,1
06037119004,27,0,0,26,1
06073019208,53,2,2370000,49,2
06059062656,38,0,0,38,0
06085512053,56,0,0,55,1
06037109800,57,1,785000,53,3
06013363000,76,1,655000,70,5
06097152601,81,1,1015000,75,5
06081609202,39,0,0,39,0
06065031701,27,1,685000,20,6
06059062657,16,0,0,16,0
06079012601,93,3,1845000,85,5
06037577400,40,0,0,39,1
06001407900,43,0,0,42,1
06097152602,21,0,0,20,1
06073019209,49,1,855000,46,2
06087110101,27,0,0,25,2
06001403900,37,0,0,36,1
06001428500,17,0,0,16,1
06037127520,6,0,0,6,0
06019002903,12,1,355000,8,3
06037573401,9,0,0,7,2
06037603500,73,1,745000,65,7
06037123520,36,1,1045000,32,3
06079012602,24,1,865000,20,3
06087110102,36,1,525000,29,6
06065031702,25,0,0,21,4
06037274100,43,0,0,41,2
06073020801,95,8,7030000,81,6
06085512055,14,0,0,14,0
06059062658,56,1,2325000,55,0
06037270101,11,0,0,11,0
06085512056,31,2,1760000,29,0
06019002904,26,0,0,19,7
06065031703,26,1,315000,21,4
06007000601,56,0,0,52,4
06037433103,16,0,0,15,1
06085508301,44,0,0,43,1
06075061101,1,0,0,1,0
06019005512,73,4,2240000,65,4
06037573402,59,4,2100000,51,4
06037300200,82,1,2045000,81,0
06111001101,44,1,725000,42,1
06053012800,69,3,2245000,65,1
06037270102,7,0,0,6,1
06075061102,2,0,0,2,0
06019005513,82,3,1185000,69,10
06025011700,34,5,1695000,18,11
06085512057,33,0,0,32,1
06087100900,34,0,0,30,4
06111001102,49,1,925000,47,1
06019002905,20,1,195000,14,5
06065031704,70,3,1595000,46,21
06059062619,60,1,1405000,59,0
06061022500,335,18,12030000,282,35
06037573403,52,1,545000,49,2
06085508303,24,0,0,24,0
06085512058,65,0,0,64,1
06007000603,15,1,365000,13,1
06037481603,10,0,0,10,0
06019002906,48,0,0,31,17
06019005514,93,7,2895000,68,18
06085512059,56,0,0,56,0
06037141201,30,1,1745000,29,0
06007000604,17,2,1020000,15,0
06037219010,18,0,0,17,1
06037481604,14,0,0,13,1
06019005515,28,1,295000,27,0
06033000801,30,2,580000,23,5
06065050501,38,5,2855000,29,4
06073020805,49,7,5065000,36,6
06047002301,143,8,3990000,110,25
06085508305,5,0,0,5,0
06115040500,39,2,1010000,23,14
06029006600,29,0,0,18,10
06073020806,41,6,4080000,31,4
06037197700,21,0,0,21,0
06037481605,9,0,0,9,0
06071001910,64,2,1290000,55,7
06099002302,24,0,0,17,7
06001443301,33,0,0,33,0
06085512019,37,0,0,36,1
06029002600,34,1,255000,19,14
06019005516,64,2,950000,57,5
06065050502,75,16,9710000,56,3
06037127210,35,0,0,34,1
06033000802,43,2,540000,30,7
06037141202,38,0,0,37,1
06081610800,9,0,0,9,0
06037481606,13,0,0,13,0
06073020807,46,6,4910000,36,4
06085508306,26,0,0,25,1
06047002303,59,2,960000,41,16
06099002303,30,0,0,18,12
06023010800,39,2,780000,29,8
06065050503,94,24,13000000,68,2
06037108101,31,0,0,30,1
06075010800,31,1,2855000,30,0
06071001911,67,2,990000,64,1
06019005202,26,1,435000,18,7
06037551101,15,0,0,12,3
06085509110,12,0,0,12,0
06073002501,37,4,1770000,33,0
06037101220,31,0,0,29,2
06047002304,38,1,325000,21,16
06019005518,107,2,1010000,98,7
06037108102,47,2,1930000,44,1
06019005203,38,1,355000,27,10
06089012301,31,1,375000,20,10
06001406201,17,1,505000,14,2
06099002304,7,0,0,7,0
06037209810,4,0,0,3,1
06037551102,8,0,0,6,2
06001406202,14,0,0,12,2
06085509111,19,0,0,19,0
06037101221,16,0,0,16,0
06037108103,46,0,0,45,1
06019005204,51,2,690000,41,8
06073002502,64,5,2795000,51,8
06047002305,54,4,1320000,36,14
06089012302,61,5,2065000,45,11
06053011101,6,0,0,5,1
06037101222,8,0,0,8,0
06037108104,22,0,0,21,1
06037700901,37,0,0,37,0
06047002306,115,7,3675000,74,34
06089012303,79,5,2245000,61,12
06071001600,31,1,785000,22,8
06037700902,33,0,0,33,0
06111005910,28,1,1485000,27,0
06013352101,39,0,0,38,1
06037242600,6,0,0,2,4
06053011103,14,0,0,10,4
06059052520,32,0,0,32,0
06073017901,26,0,0,25,1
06037555105,31,1,655000,27,3
06013352102,74,0,0,73,1
06111005911,55,0,0,52,3
06055201200,62,2,2470000,58,2
06059052521,20,0,0,20,0
06037267201,17,1,515000,16,0
06017030810,61,3,1215000,54,4
06037120020,11,0,0,9,2
06037555106,26,4,1870000,20,2
06067003400,62,0,0,59,3
06037500800,41,2,1360000,33,6
06013319001,41,1,585000,33,7
06053011104,30,2,1280000,13,15
06073017902,21,0,0,21,0
06017030811,22,1,555000,20,1
06037408212,31,0,0,29,2
06037267202,32,0,0,32,0
06059052522,18,0,0,18,0
06053011105,101,4,2420000,58,38
06037555107,59,2,1080000,53,4
06077004800,54,1,585000,46,7
06073013903,52,14,10410000,33,5
06013319002,74,2,1650000,67,5
06037408213,26,0,0,24,2
06053011106,44,4,2130000,25,15
06067007402,87,2,760000,56,28
06037201501,35,0,0,32,3
06075017101,35,0,0,35,0
06017030812,98,2,1020000,90,6
06059052523,30,0,0,28,2
06077000802,12,0,0,4,8
06067007403,56,7,2545000,33,16
06111009600,56,1,1545000,54,1
06037703200,101,2,1680000,96,3
06075017102,26,0,0,25,1
06065043601,51,8,3420000,29,14
06073013905,89,21,15975000,57,11
06087122001,65,1,1405000,61,3
06059052524,59,1,485000,57,1
06037201503,10,0,0,10,0
06037430721,21,0,0,21,0
06081603900,56,0,0,55,1
06077000803,92,4,1560000,49,39
06073013906,62,9,6305000,37,16
06081607900,44,1,1505000,43,0
06111005601,74,2,1480000,71,1
06065043602,47,1,425000,29,17
06095251400,85,0,0,64,21
06087122002,44,1,1285000,38,5
06037201504,16,0,0,12,4
06111005602,67,3,1475000,56,8
06001436402,64,0,0,62,2
06073013907,60,14,9210000,38,8
06059052526,38,0,0,35,3
06001436403,36,0,0,34,2
06037430723,25,0,0,23,2
06073013908,54,8,5300000,37,9
06059052527,55,0,0,55,0
06037216901,34,0,0,34,0
06073016201,117,9,8445000,105,3
06037540201,6,0,0,4,2
06087122004,29,0,0,28,1
06087122005,42,0,0,40,2
06037430724,26,0,0,26,0
06059052528,27,0,0,26,1
06001436404,68,1,335000,62,5
06073013909,52,11,7645000,34,7
06083002205,31,1,245000,27,3
06037216902,12,0,0,11,1
06073016202,15,5,2355000,8,2
06041110200,103,1,1755000,102,0
06037540202,15,0,0,11,4
06041114200,41,0,0,40,1
06073013320,79,21,14455000,49,9
06017030502,64,1,625000,60,3
06029003103,30,2,670000,15,13
06037540203,11,0,0,9,2
06059052529,15,0,0,15,0
06083002206,37,1,475000,32,4
06073013321,146,30,20910000,105,11
06037297400,62,2,1890000,60,0
06037910706,70,2,1030000,49,19
06001451201,110,4,4050000,102,4
06073013322,47,1,945000,42,4
06017030504,65,0,0,62,3
06037135111,41,1,1035000,37,3
06037463800,66,0,0,65,1
06073013323,76,10,7130000,62,4
06001451202,91,1,815000,90,0
06037910707,53,0,0,40,13
06037183610,12,0,0,12,0
06107001601,29,0,0,22,7
06021010401,21,0,0,15,6
06037239701,21,1,655000,12,8
06073017050,30,3,2035000,26,1
06083002209,37,1,355000,28,8
06017030506,34,2,1390000,30,2
06073013324,61,23,14565000,31,7
06037238310,6,0,0,5,1
06037135113,7,0,0,7,0
06037239702,17,0,0,10,7
06037910709,26,1,445000,19,6
06019003900,12,0,0,10,2
06107001602,26,1,265000,23,2
06073017010,55,5,3725000,50,0
06021010402,79,2,760000,54,21
06039000506,61,2,690000,42,17
06075022702,17,0,0,16,1
06073013325,54,6,4180000,44,4
06017030507,56,0,0,54,2
06073017051,65,6,4340000,58,1
06037143901,75,0,0,75,0
06077001300,86,0,0,57,29
06037501301,35,1,855000,26,8
06073013326,57,7,8055000,47,3
06099003610,31,0,0,29,2
06037143902,46,0,0,46,0
06037434100,29,0,0,26,3
06073017052,79,3,1315000,73,3
06097153601,30,0,0,29,1
06001408900,20,0,0,15,5
06049000200,12,1,375000,7,1
06037599000,16,0,0,16,0
06037135115,20,0,0,20,0
06073021800,21,0,0,21,0
06037430101,35,1,505000,31,3
06059063301,14,0,0,14,0
06037501302,52,3,2265000,45,4
06037574400,88,3,2055000,79,6
06001400900,27,0,0,26,1
06097153602,34,0,0,33,1
06013368001,21,1,545000,14,6
06073017053,53,2,2440000,51,0
06073013327,41,3,2675000,32,6
06001404900,54,1,835000,51,2
06075022704,50,0,0,49,1
06099003611,54,3,1455000,48,3
06013364002,50,1,485000,44,5
06037430102,35,0,0,32,3
06019007903,17,0,0,11,6
06013368002,9,0,0,6,3
06073017054,69,4,3170000,64,1
06037135116,7,0,0,7,0
06039000509,156,10,4740000,126,20
06059063302,47,0,0,45,2
06037271100,30,1,1055000,29,0
06037482600,67,1,975000,65,1
06099003612,84,3,1315000,70,11
06037570402,40,2,1130000,27,11
06113010401,50,0,0,50,0
06007001601,38,3,1695000,29,6
06037183300,11,0,0,11,0
06037600501,31,2,1860000,26,3
06111006101,34,2,1480000,32,0
06037275101,15,0,0,14,1
06073017014,53,6,3440000,44,3
06073017055,54,1,675000,51,2
06053013800,51,2,1340000,42,7
06111006102,27,1,385000,26,0
06081600401,29,1,585000,28,0
06037570403,22,0,0,17,5
06113010402,60,4,2460000,51,5
06023000400,26,1,385000,22,3
06007001602,76,5,2065000,60,11
06037238000,96,2,1230000,68,26
06059001602,71,1,525000,68,2
06037275102,23,1,2245000,22,0
06111002102,22,0,0,22,0
06017031000,78,4,2070000,57,17
06073017056,51,4,3580000,43,4
06037213401,2,0,0,2,0
06037570404,19,1,535000,11,7
06059074701,40,0,0,35,5
06037121600,41,0,0,39,2
06037800333,33,3,2145000,26,4
06061023501,28,1,1225000,26,1
06059001603,58,0,0,57,1
06073017057,78,1,445000,75,2
06081600402,27,0,0,26,1
06099003300,61,5,2675000,39,17
06059074702,26,0,0,20,6
06037301203,40,0,0,40,0
06059001604,44,1,535000,43,0
06037213402,10,0,0,9,1
06061023502,282,15,9835000,239,28
06037800334,66,1,385000,63,2
06073017058,60,1,645000,57,2
06037128210,5,0,0,5,0
06019006201,10,0,0,8,2
06001444301,32,0,0,31,1
06001440301,65,0,0,64,1
06037800335,107,1,835000,104,2
06037301204,20,0,0,20,0
06073017018,100,3,1715000,91,6
06081611800,24,0,0,22,2
06073017059,82,5,4275000,74,3
06057000701,140,7,4085000,119,14
06075011800,1,0,0,1,0
06037228800,15,0,0,10,5
06037900610,27,1,415000,22,4
06037190701,4,0,0,4,0
06037301205,33,0,0,33,0
06037800336,67,1,565000,62,4
06019006202,56,3,905000,39,14
06057000702,68,2,1060000,57,9
06037552100,43,3,1665000,29,11
06037191820,7,0,0,6,1
06037190702,10,0,0,10,0
06113011210,24,1,245000,22,1
06083000900,16,0,0,16,0
06037301206,33,0,0,32,1
06073003501,25,4,3550000,20,1
06037800337,39,0,0,37,2
06013390200,22,0,0,22,0
06075015801,30,0,0,29,1
06037900611,92,11,5245000,43,38
06087120700,48,0,0,41,7
06053012100,22,1,1185000,20,1
06001444304,254,0,0,253,1
06073003502,40,7,4895000,25,8
06037460301,76,0,0,73,3
06113011211,17,2,1140000,13,2
06001440304,42,0,0,41,1
06031000901,59,12,3200000,35,12
06075015802,23,0,0,23,0
06037800338,104,0,0,101,3
06085510900,56,0,0,55,1
06031000902,27,9,2825000,10,8
06001440305,44,0,0,43,1
06037460302,66,0,0,58,8
06073010900,19,1,2825000,18,0
06001440306,35,0,0,34,1
06065044911,79,7,3325000,59,13
06037542900,25,0,0,21,4
06037103300,69,0,0,67,2
06037402601,34,0,0,27,7
06037701902,10,0,0,10,0
06037980035,1,0,0,1,0
06001422000,15,0,0,15,0
06001440307,37,0,0,36,1
06059075512,13,0,0,12,1
06071006601,39,0,0,31,8
06073014901,39,4,3720000,34,1
06075030600,27,0,0,27,0
06001401400,38,0,0,32,6
06037402602,48,2,1280000,35,11
06037980036,3,0,0,2,1
06037121020,18,0,0,17,1
06059075513,21,0,0,19,2
06037900301,49,3,1415000,32,14
06001440308,44,0,0,43,1
06037670413,59,0,0,58,1
06071002602,70,2,870000,48,20
06073014902,38,1,765000,34,3
06059075514,10,1,605000,9,0
06037601001,22,0,0,19,3
06073018903,67,4,2440000,58,5
06071006603,63,0,0,49,14
06037601002,24,0,0,22,2
06071006604,29,1,485000,17,11
06073018904,77,24,12990000,42,11
06071002604,60,5,2205000,39,16
06067008402,95,4,2090000,87,4
06059075516,12,0,0,12,0
06001437400,38,2,1550000,33,3
06103000300,47,3,815000,32,12
06093000600,19,2,750000,13,4
06059075201,26,0,0,21,5
06065044916,74,2,730000,66,6
06037139301,76,0,0,73,3
06037670416,46,0,0,45,1
06067008403,58,2,840000,53,3
06037228220,13,0,0,9,4
06037670101,31,1,875000,29,1
06073018905,74,12,6710000,43,19
06059075202,36,0,0,32,4
06037670102,30,1,1255000,29,0
06037670417,29,0,0,29,0
06067008404,35,0,0,31,4
06081608900,37,1,1215000,35,1
06065044917,130,1,905000,125,4
06059075517,24,0,0,23,1
06071002606,65,2,1200000,49,14
06081604900,34,0,0,34,0
06067008130,62,2,1020000,48,12
06037139302,45,0,0,42,3
06013314200,60,1,535000,48,10
06065044602,60,1,515000,59,0
06073018906,67,12,9370000,51,4
06037139303,41,1,295000,38,2
06065040603,23,0,0,17,6
06067008131,86,10,4020000,66,10
06095252401,59,5,2215000,39,15
06065044918,92,3,1575000,88,1
06037670418,38,1,1585000,36,1
06059075518,228,6,6050000,219,3
06037191201,3,0,0,3,0
06067008132,63,3,1285000,54,6
06065040604,66,3,1945000,56,7
06029004101,106,6,2290000,65,34
06071002608,46,2,890000,38,6
06095252402,47,6,2630000,32,8
06065044919,163,5,2215000,132,26
06065044604,104,3,1485000,96,5
06067008133,23,1,385000,21,1
06071002609,22,0,0,19,3
06029004102,25,3,1125000,13,9
06065040605,22,0,0,18,4
06059086601,26,0,0,22,4
06065044605,183,10,3000000,161,12
06029000102,61,4,1310000,30,27
06037191203,5,0,0,5,0
06059086602,36,0,0,35,1
06037273800,35,0,0,35,0
06037221302,17,0,0,16,1
06029000103,56,4,1010000,32,20
06065044606,64,2,650000,55,6
06067008134,79,3,1455000,68,8
06071002021,80,0,0,73,7
06065040606,33,0,0,28,5
06041119201,28,0,0,27,1
06037191204,8,0,0,8,0
06037221303,1,0,0,1,0
06029000104,27,3,835000,11,13
06067008135,75,3,825000,62,10
06041119202,51,0,0,51,0
06037221304,7,0,0,7,0
06077005220,29,2,1070000,24,3
06071002023,35,0,0,30,5
06067008136,24,2,780000,18,4
06029000105,72,2,720000,47,23
06029000106,19,2,770000,12,5
06037232701,12,0,0,9,3
06067008137,35,2,990000,25,8
06077005221,147,2,1720000,140,5
06107002601,20,0,0,17,3
06065040609,218,3,1765000,209,6
06045010300,29,1,685000,26,2
06107002602,35,1,325000,19,15
06077005222,57,0,0,54,3
06067008138,66,5,2305000,55,6
06073010010,37,2,1450000,30,5
06037232702,16,0,0,14,2
06071002025,52,4,2920000,44,4
06077002300,33,1,235000,25,7
06019000901,15,2,390000,11,2
06037431100,42,0,0,38,4
06019004901,40,2,710000,23,15
06067008139,38,4,1560000,30,4
06097150601,48,1,585000,44,3
06013361000,56,0,0,51,5
06077005223,187,1,625000,185,1
06073010011,34,4,2640000,26,4
06019000902,17,0,0,12,5
06073010012,30,4,1490000,25,1
06019004902,36,0,0,31,5
06037571400,64,1,685000,56,7
06077005224,53,3,2015000,45,5
06013369001,38,2,1080000,34,2
06097150602,59,0,0,55,4
06071002027,72,1,665000,60,11
06001409900,69,2,1940000,67,0
06001405901,10,1,855000,9,0
06079010602,37,0,0,33,4
06013369002,43,1,385000,34,8
06037291210,29,0,0,25,4
06037502303,76,2,1100000,54,20
06037550801,58,0,0,56,2
06073010013,11,2,1070000,8,1
06077005225,18,0,0,18,0
06071002028,67,2,1110000,56,9
06111007100,47,1,595000,42,4
06037272100,64,0,0,63,1
06013365002,42,0,0,31,11
06037575401,12,0,0,12,0
06097150603,82,3,2035000,77,2
06093001100,30,3,775000,23,3
06037276101,9,0,0,9,0
06079010603,11,0,0,10,1
06001405902,14,0,0,12,2
06037188300,38,0,0,37,1
06007002601,47,2,740000,38,7
06111003101,26,2,1400000,24,0
06081605400,58,0,0,58,0
06037550802,6,0,0,5,1
06053014800,27,1,415000,19,7
06059042311,100,2,2600000,94,4
06071002029,81,2,1380000,71,8
06037575402,10,0,0,9,1
06081601400,30,2,1480000,28,0
06013365003,33,0,0,26,6
06037214400,7,0,0,7,0
06037218400,21,0,0,20,1
06037276102,25,0,0,25,0
06007002602,70,4,1300000,41,25
06101050201,23,3,1165000,10,10
06059042312,118,3,2445000,104,11
06111003102,48,3,2015000,42,3
06073010015,240,101,61035000,91,48
06101050202,23,0,0,18,5
06061020501,42,2,2040000,34,6
06075026001,23,1,1445000,22,0
06059042313,66,0,0,65,1
06065941300,114,4,1890000,108,2
06041104300,22,0,0,22,0
06017032001,28,0,0,28,0
06037232120,15,0,0,10,5
06061020502,96,2,1450000,92,2
06075026002,33,0,0,32,1
06017032002,12,0,0,12,0
06073010017,80,30,18230000,39,11
06097150607,86,1,755000,83,2
06099000301,16,1,385000,13,2
06037104610,12,0,0,8,4
06037199700,10,0,0,6,4
06053010804,28,1,425000,20,7
06085500500,65,0,0,64,1
06081612800,37,0,0,37,0
06075026003,26,0,0,26,0
06099000302,31,4,1730000,21,6
06059042315,95,1,405000,86,8
06073010018,57,13,8825000,38,6
06075026004,22,0,0,19,3
06081608013,30,0,0,29,1
06037532500,11,0,0,11,0
06037620301,63,0,0,62,1
06073000500,43,3,3845000,37,3
06037553100,44,0,0,39,5
06073010019,39,6,4170000,29,4
06097150609,53,0,0,47,6
06099000303,72,5,2305000,55,12
06085503110,8,0,0,8,0
06073004501,20,1,495000,18,1
06059042317,68,0,0,67,1
06075012801,21,0,0,21,0
06037461300,77,0,0,75,2
06075016801,22,0,0,21,1
06073008501,81,2,690000,77,2
06099000304,37,1,455000,25,11
06037702900,9,0,0,9,0
06075012802,8,0,0,8,0
06037620303,56,0,0,56,0
06073008502,85,0,0,83,2
06085503111,23,0,0,23,0
06075016802,25,0,0,24,1
06087121701,37,0,0,36,1
06087121702,32,0,0,32,0
06085503112,29,1,325000,28,0
06073008503,99,1,845000,94,4
06065041910,141,5,2305000,108,28
06059042319,38,0,0,36,2
06085503113,33,0,0,32,1
06085504505,139,0,0,138,1
06037620305,72,0,0,72,0
06037403601,92,2,1500000,85,5
06065030200,81,1,615000,70,10
06037407601,18,0,0,17,1
06073008504,88,2,1380000,78,8
06001402400,20,0,0,19,1
06073015901,4,1,405000,3,0
06085504506,45,0,0,45,0
06079011101,22,0,0,22,0
06037901300,24,3,1105000,15,5
06037240600,33,1,385000,21,11
06001423000,19,0,0,19,0
06037407602,44,0,0,39,5
06037311801,21,0,0,21,0
06065041912,105,4,1870000,99,2
06073008505,83,1,765000,73,9
06085504507,45,0,0,43,2
06037311802,23,0,0,23,0
06037192510,15,0,0,13,2
06073015902,43,7,4855000,30,6
06007003100,77,8,2840000,58,11
06083001905,32,0,0,32,0
06073019902,55,2,1380000,44,9
06065041913,98,3,2465000,85,10
06029005410,19,3,1035000,12,4
06073008506,57,3,2745000,49,5
06085504508,21,1,695000,19,1
06085503116,44,0,0,44,0
06071003603,45,0,0,31,14
06037543903,38,2,1370000,30,6
06073008507,93,4,3230000,83,6
06071007603,48,1,515000,32,15
06073019903,137,7,6025000,125,5
06079011103,44,2,1730000,42,0
06065041914,147,5,4175000,134,8
06061021040,55,5,2125000,50,0
06037602002,9,0,0,8,1
06085504509,38,0,0,38,0
06037207501,14,0,0,14,0
06085511905,43,0,0,43,0
06025010200,6,2,870000,2,2
06037119700,51,0,0,48,3
06083001907,3,0,0,3,0
06079011104,28,3,2145000,24,1
06071007604,53,2,770000,39,12
06037199120,14,1,535000,13,0
06069000501,79,4,3090000,58,17
06085503117,11,0,0,10,1
06065049600,241,36,21380000,176,29
06073019904,81,2,1500000,71,8
06065041915,142,4,3060000,128,10
06037208620,12,0,0,11,1
06071007605,17,0,0,12,5
06065041601,14,0,0,11,3
06071003605,38,1,545000,22,15
06037602003,11,0,0,9,2
06085503118,19,0,0,18,1
06079011105,29,0,0,29,0
06037650501,36,1,1155000,33,2
06073019905,65,3,2265000,58,4
06083001908,63,0,0,61,2
06069000502,76,2,1380000,66,8
06059076201,102,1,495000,97,4
06037543905,21,0,0,17,4
06067009403,19,0,0,17,2
06073008509,91,7,4875000,83,1
06059076202,75,2,1310000,71,2
06065041602,19,2,1740000,13,4
06081609900,43,0,0,43,0
06085511907,36,0,0,35,1
06019001407,19,2,390000,15,2
06061021043,149,3,1755000,138,7
06071003606,36,0,0,25,11
06067009404,85,3,2505000,80,2
06037650502,49,0,0,49,0
06071007606,21,0,0,14,7
06083001909,41,1,1115000,39,1
06065042720,275,36,19600000,127,112
06019001408,14,1,485000,10,3
06061021003,85,3,1855000,72,10
06071003607,52,0,0,40,12
06061021044,143,7,4905000,126,10
06037310100,101,0,0,100,1
06059076204,23,0,0,22,1
06029001101,32,0,0,22,10
06019001409,53,2,1350000,31,20
06061021045,44,0,0,36,8
06067009406,23,0,0,21,2
06095253402,203,30,19520000,143,29
06075013300,40,0,0,40,0
06059087601,27,0,0,27,0
06071003609,29,0,0,17,12
06061021046,38,0,0,33,5
06065042723,159,23,10705000,75,61
06095253403,177,29,16035000,120,28
06059076205,44,2,2060000,40,2
06059087602,61,0,0,60,1
06067009408,46,4,1750000,36,6
06059076206,58,2,1330000,51,5
06095253404,108,11,6085000,86,11
06065045606,256,5,2375000,197,54
06065042724,94,12,6010000,74,8
06061021047,96,7,3505000,82,7
06029005103,48,7,2765000,33,8
06037240020,32,0,0,24,8
06037543321,161,13,8995000,134,14
06029001104,17,1,215000,13,3
06001432601,26,1,535000,24,1
06027000200,20,0,0,17,3
06067009409,63,5,2835000,46,12
06037433803,25,1,905000,24,0
06061021048,85,5,2845000,73,7
06111001801,56,1,775000,53,2
06065042410,88,6,2430000,56,26
06037543322,100,3,2225000,81,16
06029005104,78,6,2720000,63,9
06041112202,22,0,0,18,4
06041112203,2,0,0,2,0
06037433804,19,0,0,16,3
06085512401,37,1,1035000,35,1
06029001105,12,1,215000,4,7
06059076208,51,2,2290000,42,7
06037300901,94,0,0,93,1
06065042726,356,80,43730000,181,95
06065042411,43,0,0,29,14
06001432602,29,0,0,29,0
06029001106,10,0,0,5,5
06073012401,17,3,1375000,11,3
06107003601,77,4,1340000,53,20
06085512402,47,0,0,46,1
06075020701,28,0,0,28,0
06037300902,31,0,0,31,0
06041112204,7,0,0,7,0
06045011300,52,1,365000,44,7
06065042412,80,5,3285000,63,12
06029001107,12,0,0,8,4
06065042728,190,36,18540000,102,51
06073012402,28,5,3295000,18,5
06075020702,11,0,0,11,0
06053000400,19,0,0,14,5
06107003602,85,2,640000,57,26
06037127910,15,0,0,14,1
06037503301,39,1,715000,35,3
06097151601,66,0,0,63,3
06071011500,65,6,2150000,46,12
06013366001,42,0,0,34,8
06037432101,36,0,0,36,0
06097151602,75,3,1605000,68,4
06037503302,61,0,0,54,7
06001406900,47,0,0,46,1
06037208002,9,0,0,9,0
06037551801,23,1,385000,19,3
06037296210,11,2,1720000,8,1
06001410300,28,0,0,22,6
06013366002,29,0,0,22,7
06037432102,45,0,0,42,3
06037576401,15,3,1645000,11,1
06037277100,64,1,1705000,60,3
06037576402,9,0,0,5,4
06037480601,29,0,0,28,1
06081602400,57,0,0,54,3
06111008101,61,1,815000,55,5
06081606400,29,0,0,29,0
06037189300,63,0,0,63,0
06111004101,34,2,1410000,26,6
06037181300,52,0,0,49,3
06037551802,21,1,705000,17,3
06019005904,248,11,5055000,194,43
06053011801,21,0,0,21,0
06037480602,33,0,0,32,1
06037576403,15,0,0,15,0
06019005906,23,1,365000,21,1
06077003305,89,4,1470000,59,26
06053011802,24,0,0,24,0
06019005907,48,5,2455000,41,2
06037123601,45,0,0,45,0
06055201900,15,0,0,15,0
06077003306,48,2,570000,26,20
06001421700,15,0,0,15,0
06035040100,14,0,0,9,5
06081613800,21,1,1045000,20,0
06085505500,44,0,0,44,0
06037123602,23,0,0,22,1
06085509500,27,0,0,26,1
06037267901,48,0,0,48,0
06059110201,76,1,725000,69,6
06077003307,47,4,1380000,32,11
06059110202,34,2,2240000,28,4
06085501501,15,0,0,15,0
06037127603,10,0,0,8,2
06077003308,27,1,215000,24,2
06037267902,48,0,0,48,0
06073001500,51,1,615000,46,4
06037621301,91,3,4825000,83,5
06037127604,16,0,0,16,0
06037533501,10,1,785000,7,2
06037554101,13,0,0,12,1
06075017801,13,2,680000,10,1
06085501502,32,0,0,31,1
06059110203,69,3,2115000,62,4
06037234200,62,0,0,54,8
06075021200,39,0,0,38,1
06037127605,11,0,0,10,1
06037462301,25,1,415000,24,0
06037920330,98,4,3000000,84,10
06013392201,62,0,0,53,9
06107000101,41,1,385000,39,1
06041124100,67,0,0,67,0
06041128100,97,0,0,95,2
06073009502,63,0,0,59,4
06059099502,1,0,0,1,0
06075017803,5,0,0,5,0
06037404600,3,0,0,2,1
06037462302,27,0,0,26,1
06107004102,46,1,365000,21,24
06037127606,20,0,0,18,2
06019002400,28,3,665000,16,9
06037920331,58,0,0,55,3
06013392202,40,1,405000,34,5
06097152100,21,0,0,19,2
06107000102,27,1,425000,22,4
06107004103,23,0,0,15,8
06037533504,11,0,0,11,0
06037920332,30,1,435000,28,1
06037109300,43,0,0,37,6
06037101300,60,0,0,57,3
06075017804,26,0,0,26,0
06073009504,66,4,6100000,62,0
06065031200,94,2,1180000,70,22
06037554105,9,0,0,7,2
06001407400,27,0,0,24,3
06071008601,70,2,910000,54,14
06037400602,44,0,0,36,8
06001428000,16,0,0,15,1
06107004104,14,1,285000,9,4
06073009505,98,5,5385000,88,5
06037540901,46,2,1210000,40,4
06071004601,87,3,1125000,59,25
06059099504,31,0,0,31,0
06059099230,64,1,725000,58,5
06037123020,16,0,0,13,3
06001403401,15,0,0,15,0
06075032601,15,0,0,15,0
06037540902,52,1,585000,40,11
06059099231,76,0,0,75,1
06071008602,62,2,1870000,53,7
06037554106,26,1,925000,17,8
06037400603,69,1,425000,60,8
06067004910,32,1,365000,21,10
06073009506,75,7,5355000,68,0
06079012102,77,4,2980000,68,5
06037920334,108,7,4485000,92,9
06001403402,1,0,0,1,0
06037481101,15,0,0,15,0
06037920020,109,4,2820000,98,7
06083002906,46,0,0,45,1
06059099506,17,0,0,17,0
06071004603,75,5,1575000,56,14
06075032602,20,0,0,19,1
06071000603,38,2,1450000,33,3
06073009507,40,4,3480000,33,3
06059099232,98,2,2800000,95,1
06037481102,10,0,0,10,0
06071000604,52,0,0,47,5
06059099233,39,0,0,39,0
06007000102,52,2,930000,41,9
06083002907,42,0,0,41,1
06071004604,51,2,870000,29,20
06037400605,80,1,585000,73,6
06065046601,7,0,0,7,0
06037481103,25,0,0,24,1
06071000605,29,1,615000,24,4
06073009509,22,4,2420000,17,1
06059099508,47,3,2525000,42,2
06059099234,33,1,1105000,30,2
06007000103,78,1,505000,71,6
06033000300,36,5,1875000,23,8
06073020304,167,13,7525000,141,13
06073020030,93,2,2980000,90,1
06025011201,91,9,3635000,52,29
06037603004,9,0,0,9,0
06037920338,96,1,985000,90,5
06025011202,16,0,0,13,3
06059099235,49,0,0,47,2
06083002909,47,0,0,46,1
06065046602,47,2,1400000,44,1
06073020305,105,12,8380000,85,8
06029003806,83,1,385000,63,19
06071000606,21,0,0,16,5
06061022002,124,3,1265000,99,22
06007000104,56,5,1835000,44,7
06059099509,8,1,385000,7,0
06073020031,105,3,2065000,98,4
06037197200,25,0,0,25,0
06067000600,13,0,0,12,1
06037603005,28,3,2165000,23,2
06073020032,73,2,1700000,71,0
06037920339,321,13,9265000,265,43
06029002100,18,0,0,13,5
06029003807,86,0,0,63,23
06037120103,7,0,0,7,0
06037603006,11,0,0,8,3
06029006101,58,7,2105000,39,12
06059011502,40,0,0,36,4
06023010300,26,0,0,25,1
06029003808,68,4,1480000,45,19
06075010300,18,0,0,18,0
06073020033,60,4,3540000,55,1
06059099237,56,0,0,53,3
06037120104,6,1,625000,4,1
06081610302,22,0,0,22,0
06059011503,20,0,0,20,0
06059099238,67,0,0,65,2
06073020034,43,0,0,43,0
06037603007,92,1,805000,83,8
06037430801,40,0,0,40,0
06059088601,47,2,1550000,41,4
06029006102,109,29,13145000,59,21
06073020308,28,7,3225000,19,2
06067004602,48,1,395000,36,11
06029003220,451,19,8385000,292,140
06059011504,22,0,0,21,1
06001433600,48,0,0,46,2
06037603008,21,0,0,19,2
06037120105,16,0,0,13,3
06059099239,53,2,2540000,50,1
06037700400,45,0,0,44,1
06081610303,66,0,0,65,1
06073020309,43,3,1125000,36,4
06111002800,57,2,1840000,52,3
06037430802,39,0,0,38,1
06029003221,215,6,3300000,200,9
06073020035,99,4,5450000,94,1
06059088602,27,0,0,26,1
06111006800,49,0,0,49,0
06067004603,22,0,0,17,5
06037271801,12,0,0,12,0
06037117510,10,0,0,10,0
06037120106,10,0,0,8,2
06081610304,45,0,0,44,1
06073020036,20,3,1145000,13,4
06037920028,167,5,3865000,146,16
06067004604,55,1,195000,41,13
06029003222,16,1,465000,15,0
06013331000,96,4,2870000,87,5
06083002010,65,11,6595000,50,4
06037430803,51,0,0,50,1
06037301901,28,0,0,28,0
06073020037,22,0,0,20,2
06017031700,57,5,3845000,51,1
06037120107,8,1,795000,7,0
06083002011,61,0,0,52,9
06037920029,60,4,1630000,31,25
06037541401,19,0,0,12,7
06037301902,18,0,0,18,0
06073013401,57,8,5440000,45,4
06037271803,7,0,0,7,0
06083002012,39,6,3780000,29,4
06075025701,28,0,0,27,1
06073020038,109,4,3890000,101,4
06071001101,25,1,335000,15,9
06037120108,31,0,0,26,5
06037242100,3,0,0,3,0
06075025702,17,0,0,16,1
06037500300,37,1,485000,32,4
06019006900,7,1,295000,3,3
06073020039,52,4,3980000,46,2
06053001400,30,0,0,26,4
06037541402,30,0,0,19,11
06083002013,53,2,1810000,47,4
06037271804,14,0,0,14,0
06077000300,11,0,0,7,4
06071001103,54,3,1835000,42,9
06073017403,78,1,1215000,74,3
06083002014,72,4,2350000,58,10
06037128910,63,0,0,62,1
06067004020,9,1,465000,8,0
06071001104,50,0,0,47,3
06037552800,45,1,705000,35,9
06083002015,61,2,970000,50,9
06071012500,54,4,1940000,28,22
06111009100,10,0,0,8,2
06037117201,16,0,0,15,1
06077004302,67,3,1375000,52,12
06073017405,71,1,1205000,67,3
06073017406,41,1,1185000,39,1
06081603400,70,2,1600000,64,4
06037117202,34,1,1005000,30,3
06081607400,35,0,0,35,0
06037278102,46,0,0,45,1
06073017407,27,0,0,27,0
06037186301,11,0,0,11,0
06073017408,27,0,0,27,0
06077004305,75,3,1575000,62,10
06037124600,53,0,0,53,0
06037800410,38,0,0,38,0
06037216401,18,0,0,18,0
06037186302,59,0,0,56,3
06037216402,11,0,0,11,0
06001982100,2,0,0,2,0
06001422700,5,0,0,5,0
06073013409,57,6,4620000,46,5
06037128601,15,0,0,15,0
06037800411,50,0,0,49,1
06037601700,14,0,0,11,3
06077004307,37,2,570000,29,6
06037128602,53,0,0,53,0
06037800412,63,0,0,63,0
06071009910,78,2,570000,49,27
06085502500,111,0,0,111,0
06059089102,31,1,585000,30,0
06037530500,12,0,0,7,5
06073006500,21,3,1375000,18,0
06077004308,23,1,495000,18,4
06071009911,119,7,2625000,71,40
06037302401,13,0,0,13,0
06059089104,13,0,0,13,0
06037534501,19,0,0,15,4
06077004309,36,1,505000,29,6
06037463300,14,0,0,14,0
06085506502,50,0,0,49,1
06071009912,95,5,1665000,51,39
06059075901,21,1,495000,20,0
06059089105,19,0,0,15,4
06037239201,13,0,0,9,4
06037534502,21,0,0,15,6
06037235201,40,1,755000,32,7
06085506503,48,0,0,47,1
06071009913,80,2,340000,37,41
06041121100,89,0,0,86,3
06107001101,19,1,245000,12,6
06071009914,1,0,0,1,0
06085506504,6,0,0,6,0
06019007400,21,0,0,16,5
06107001102,36,1,425000,25,10
06059075902,37,1,855000,34,2
06037143401,68,0,0,67,1
06037239202,19,0,0,16,3
06037800101,81,0,0,80,1
06037405600,152,3,1735000,141,8
06059089106,20,1,555000,18,1
06037235202,45,2,1060000,37,6
06019003401,13,1,305000,10,2
06085506505,29,0,0,27,2
06029000800,82,5,1415000,53,24
06059089107,32,0,0,32,0
06001441501,46,0,0,45,1
06071009915,61,5,1985000,32,24
06079013100,53,1,645000,45,7
06037143402,21,0,0,21,0
06037401601,62,1,825000,55,6
06001408400,35,2,1170000,23,10
06105000200,16,1,395000,10,5
06047000503,12,0,0,11,1
06019003402,19,2,650000,14,3
06037191901,15,0,0,15,0
06029004801,15,0,0,8,7
06001400400,34,0,0,34,0
06071009916,90,4,1620000,47,39
06097153102,36,0,0,27,9
06071005601,27,0,0,16,11
06089010500,62,1,485000,46,15
06001404400,113,4,5980000,106,3
06037800103,49,0,0,47,2
06037401602,68,3,1605000,55,10
06037190510,5,1,515000,4,0
06037191902,44,0,0,44,0
06029004802,39,1,285000,29,9
06047000504,49,0,0,34,14
06007001100,30,0,0,27,3
06097153103,20,0,0,18,2
06071005602,21,1,355000,12,8
06001441503,89,0,0,89,0
06071009917,49,1,245000,31,17
06037800104,73,0,0,70,3
06073021302,63,11,6415000,40,12
06037482101,31,0,0,31,0
06059001101,65,2,1530000,56,7
06047000505,126,1,335000,89,34
06071009918,42,3,1085000,25,14
06097153104,26,0,0,19,7
06053013300,35,1,755000,32,2
06037604001,19,0,0,19,0
06037604002,33,2,1340000,28,3
06061023000,50,2,1120000,47,1
06037482102,17,2,1640000,15,0
06059074200,37,0,0,32,5
06059001102,40,2,1660000,33,5
06025012201,18,0,0,10,8
06059001103,28,0,0,24,4
06073021304,44,3,2735000,36,5
06025012202,14,0,0,10,4
06037121101,16,0,0,14,2
06057000200,44,3,1085000,36,5
06033001301,74,5,1635000,51,18
06073021305,64,3,2165000,57,4
06037294830,10,0,0,9,1
06037121102,34,2,1630000,29,3
06081611300,76,0,0,76,0
06037194200,98,0,0,96,2
06073021306,63,4,5090000,57,2
06033001302,77,2,760000,54,19
06005000201,57,2,780000,52,2
06037190201,1,0,0,1,0
06075011300,8,0,0,7,1
06037431800,39,0,0,38,1
06075015300,27,0,0,27,0
06067001601,44,0,0,42,2
06115041001,49,6,3280000,36,7
06067005601,54,0,0,49,5
06005000202,42,3,995000,32,7
06037190202,7,0,0,7,0
06087120200,49,0,0,48,1
06083000400,51,0,0,50,1
06073003001,66,4,2710000,52,10
06067008210,110,2,1150000,103,5
06115041002,49,4,1390000,38,7
06067001602,43,0,0,41,2
06013313203,26,0,0,24,2
06111007800,67,3,1895000,54,10
06037132501,29,0,0,28,1
06001430600,101,1,895000,98,2
06067008211,44,2,1360000,40,2
06013313204,54,1,555000,42,11
06101050900,10,1,445000,8,1
06111003801,14,2,1180000,11,1
06031000402,78,24,9240000,39,14
06037132502,27,1,805000,25,1
06085510400,49,0,0,48,1
06013332000,113,1,365000,106,6
06013313205,20,1,725000,17,2
06073003003,62,7,4695000,49,6
06111003802,8,0,0,8,0
06037294520,14,0,0,12,2
06073014400,22,9,5915000,11,2
06073018400,29,4,5680000,25,0
06073003004,38,5,2885000,33,0
06067005605,34,0,0,29,5
06031000403,57,12,3600000,26,19
06013313206,48,0,0,36,12
06037402101,41,0,0,33,8
06037701402,23,0,0,23,0
06037542401,48,3,1905000,34,11
06071002101,40,1,495000,32,7
06067005606,47,0,0,43,4
06037243100,28,0,0,20,8
06037402102,42,3,1605000,35,4
06071006101,74,0,0,51,23
06073010401,21,4,3460000,16,1
06037542402,32,0,0,20,12
06073010402,58,17,11595000,37,4
06075030101,30,0,0,29,1
06041133000,24,0,0,23,1
06071006102,84,0,0,49,35
06031000405,74,14,5100000,42,16
06037221110,3,0,0,3,0
06031000406,37,13,4255000,20,4
06075030102,32,0,0,31,1
06071002103,34,0,0,27,7
06031000407,80,22,8220000,39,19
06065048100,217,4,2380000,196,17
06037553801,11,0,0,9,2
06093000100,1,0,0,0,1
06065044101,23,2,700000,10,11
06065040101,74,4,1980000,50,20
06071002105,59,1,625000,54,4
06077005303,29,2,1020000,19,7
06065044102,32,0,0,20,12
06037553802,32,2,1070000,26,4
06037187300,47,0,0,47,0
06065040102,92,4,2330000,74,14
06081608400,77,0,0,76,1
06081604400,32,0,0,32,0
06071002107,53,3,1575000,42,8
06059021830,88,0,0,87,1
06037211910,2,0,0,2,0
06065044103,292,17,7745000,141,134
06037125600,24,0,0,24,0
06065044104,57,6,2780000,34,17
06059021831,81,0,0,79,2
06065030900,38,2,950000,27,9
06079011800,103,2,2680000,97,4
06071002109,41,1,665000,33,7
06059021832,60,2,1800000,57,1
06001423700,27,0,0,27,0
06037572600,40,2,840000,33,5
06001427700,52,1,975000,51,0
06037273300,17,0,0,17,0
06085507500,68,0,0,68,0
06077005307,32,0,0,27,5
06037602700,58,3,2455000,47,8
06077005308,44,2,1030000,32,10
06013321101,153,10,7420000,131,12
06037232200,15,0,0,12,3
06037535501,6,0,0,4,2
06037269903,7,0,0,7,0
06077005309,36,2,1000000,29,5
06025010900,42,3,1085000,24,13
06107002100,16,0,0,14,2
06075023200,23,0,0,23,0
06073007501,18,1,3035000,17,0
06013321102,132,3,2235000,123,6
06037535502,9,0,0,8,1
06073007502,11,0,0,11,0
06037531502,9,0,0,7,2
06041126100,100,0,0,98,2
06099001500,71,0,0,49,22
06013321103,85,0,0,81,4
06037531503,9,0,0,7,2
06037535503,11,0,0,6,5
06097154100,23,0,0,22,1
06037269905,8,0,0,8,0
06037218210,23,1,735000,21,1
06047001501,24,0,0,13,11
06019000400,23,1,265000,18,4
06085503504,25,0,0,23,2
06097150100,27,0,0,27,0
06037122410,2,0,0,2,0
06047001502,10,0,0,5,5
06037236203,2,0,0,2,0
06037269906,3,0,0,3,0
06001442501,27,0,0,25,2
06037531504,14,0,0,10,4
06037310800,57,0,0,53,4
06037406601,43,0,0,41,2
06071010040,32,4,2470000,23,5
06063000300,72,5,1575000,50,16
06037236204,4,0,0,4,0
06037269907,8,0,0,8,0
06047001503,18,0,0,14,4
06019008402,2,0,0,2,0
06079010101,25,0,0,24,1
06085503506,28,0,0,27,1
06011000301,26,3,1345000,15,8
06001409400,38,2,1480000,28,8
06001442502,27,0,0,25,2
06009000121,65,5,2035000,48,11
06071010041,91,2,1090000,59,30
06037406602,25,0,0,23,2
06029001801,78,4,1180000,46,28
06037269908,2,0,0,2,0
06085503507,9,0,0,9,0
06037236205,4,0,0,4,0
06011000302,10,0,0,8,2
06007002100,53,3,1205000,42,8
06089011501,95,10,4400000,74,11
06037550301,29,0,0,20,9
06001405401,16,0,0,15,1
06019008403,13,2,700000,8,3
06073008350,222,5,4465000,213,4
06071010042,107,6,3160000,62,39
06037403721,93,1,535000,80,12
06009000122,72,2,600000,66,4
06037236206,3,0,0,3,0
06019008404,6,0,0,2,3
06019004404,19,1,695000,15,3
06085503508,38,0,0,35,3
06089011502,35,1,675000,31,3
06029005803,50,7,2225000,20,22
06037403722,29,0,0,26,3
06073008351,48,2,1150000,46,0
06073008310,85,2,3020000,81,2
06001405402,7,0,0,6,1
06079010103,32,0,0,30,2
06029001803,24,1,395000,17,6
06085504311,69,0,0,69,0
06009000123,83,8,3240000,64,11
06079010104,13,0,0,12,1
06019004405,41,2,1220000,35,4
06053014301,31,1,815000,30,0
06029005804,76,13,4505000,41,22
06073008311,41,0,0,41,0
06019008405,10,0,0,8,2
06073008352,36,3,2585000,29,4
06085503509,28,0,0,27,1
06029001804,25,2,630000,15,8
06009000124,41,1,555000,32,8
06073008312,38,0,0,38,0
06019004406,60,1,445000,51,8
06073008353,64,3,2315000,57,4
06029005805,75,16,6480000,37,22
06053014302,25,2,1420000,20,3
06073008313,25,0,0,24,1
06085504314,33,0,0,33,0
06037262400,50,0,0,50,0
06013355302,35,0,0,35,0
06055200400,49,0,0,48,1
06029005806,112,21,8865000,49,42
06001420200,31,1,1145000,30,0
06073008355,23,0,0,21,2
06067006600,83,1,295000,66,16
06085504315,51,0,0,49,2
06067002600,31,1,565000,30,0
06071007410,41,3,1015000,28,9
06037229300,10,0,0,7,3
06071007411,21,0,0,16,5
06037204700,19,0,0,14,5
06037199201,11,0,0,10,1
06085504316,35,1,925000,34,0
06073004000,24,1,505000,23,0
06019004409,45,1,595000,39,5
06053010305,58,0,0,53,5
06073008356,46,3,1425000,42,1
06061021122,72,2,1700000,67,3
06037195201,27,0,0,27,0
06075016300,26,0,0,26,0
06085504001,31,0,0,28,3
06075012301,1,0,0,1,0
06037532001,20,0,0,19,1
06085504002,18,0,0,14,4
06053010306,7,0,0,7,0
06073008357,40,2,1410000,35,3
06037199202,21,0,0,20,1
06085504317,30,0,0,27,3
06037432801,3,0,0,2,1
06037195202,49,0,0,48,1
06061021123,164,4,2760000,154,6
06071007412,71,7,3215000,44,20
06001450750,77,1,825000,76,0
06087121200,82,1,465000,81,0
06037226420,3,0,0,2,1
06037432802,3,0,0,3,0
06085504318,26,0,0,26,0
06065042801,18,1,475000,12,5
06111000800,58,2,790000,50,6
06111008800,50,2,1450000,40,8
06037532002,11,0,0,6,5
06001450751,175,0,0,175,0
06073008358,77,2,2000000,73,2
06031001401,19,1,255000,10,7
06037702400,36,0,0,36,0
06037137501,43,1,1345000,42,0
06073008002,35,0,0,34,1
06071010009,152,13,6535000,67,72
06013355306,94,2,1650000,89,3
06001435601,16,0,0,14,2
06065042802,22,1,485000,12,9
06073008003,26,0,0,25,1
06073008359,18,1,445000,15,2
06085504319,60,0,0,59,1
06085511400,35,0,0,35,0
06037137502,74,0,0,70,4
06031001402,36,0,0,25,11
06065041410,14,0,0,12,2
06013355307,79,2,1460000,70,7
06001450752,136,1,765000,134,1
06057001205,95,1,525000,93,1
06001435602,31,1,855000,27,3
06065041411,25,0,0,20,5
06083001403,20,0,0,19,1
06037407101,33,1,795000,26,6
06037311300,71,0,0,67,4
06037543400,34,0,0,28,6
06013355308,62,3,3065000,58,1
06095250601,65,4,1700000,48,13
06071003101,28,1,625000,19,8
06037407102,32,0,0,28,4
06037137504,44,1,1135000,43,0
06065041412,57,2,1160000,45,10
06083001404,17,0,0,17,0
06075031100,71,0,0,71,0
06013355309,81,1,865000,75,5
06057001207,90,1,1045000,88,1
06075035101,20,0,0,20,0
06061021128,50,2,460000,40,8
06071003102,25,0,0,24,1
06065041413,114,2,1840000,109,3
06057001208,97,1,1525000,95,1
06073008006,41,1,425000,40,0
06037296600,17,0,0,16,1
06061021129,35,1,395000,29,5
06075035102,29,0,0,29,0
06073015403,51,1,995000,50,0
06059032030,61,2,1970000,57,2
06065041414,76,1,485000,70,5
06073019403,57,4,3170000,45,8
06001450400,88,0,0,84,4
06095250604,68,5,2365000,56,7
06057001209,35,1,405000,34,0
06073019404,36,4,2420000,29,3
06071007104,72,1,515000,64,7
06065041415,53,0,0,47,6
06059032031,58,1,965000,52,5
06095250605,48,4,2080000,40,4
06037204120,12,1,705000,8,3
06059032032,45,2,1540000,42,1
06065049101,25,0,0,18,7
06073019405,33,4,2770000,27,2
06065041101,11,1,525000,7,3
06071007105,40,2,550000,34,4
06037119201,32,0,0,26,6
06037111201,40,1,375000,35,4
06037554801,36,0,0,27,9
06037650001,63,1,745000,58,4
06073015405,110,9,5875000,100,1
06037234901,11,0,0,10,1
06037119202,24,2,1170000,20,2
06065041102,29,0,0,25,4
06107000801,25,1,225000,20,4
06081609400,57,0,0,57,0
06037554802,30,0,0,30,0
06037115202,42,0,0,37,5
06073019406,60,6,3620000,48,6
06037111202,68,0,0,65,3
06065049102,112,5,2005000,101,6
06059032033,52,2,1520000,46,4
06073015406,53,2,1470000,50,1
06071007106,46,3,1385000,30,13
06107000802,19,2,1040000,15,2
06065045103,57,0,0,55,2
06037115203,19,0,0,16,3
06037234902,13,0,0,10,3
06037650003,19,0,0,17,2
06071007107,30,0,0,21,9
06059032034,96,1,1315000,94,1
06073015407,32,3,1565000,26,3
06071007108,5,0,0,5,0
06073015408,42,2,990000,39,1
06037115204,19,0,0,18,1
06059032035,46,0,0,45,1
06037111204,96,1,855000,92,3
06097152801,67,3,2015000,59,5
06037650004,25,2,1590000,23,0
06087110301,5,0,0,2,3
06059087101,54,2,1490000,50,2
06059032036,65,0,0,64,1
06001428700,126,1,255000,124,1
06037111205,54,0,0,53,1
06087110302,3,0,0,3,0
06037433302,5,0,0,5,0
06059087102,22,0,0,20,2
06037134001,14,0,0,12,2
06007000800,82,3,1525000,72,7
06037481800,26,0,0,25,1
06037573601,117,3,2535000,109,5
06077003110,35,1,495000,26,8
06037270300,32,0,0,32,0
06059032037,115,8,7400000,101,6
06037111206,63,0,0,58,5
06097152803,30,0,0,29,1
06001432100,46,1,1105000,44,1
06037134002,34,2,1300000,28,4
06059087103,71,0,0,64,7
06077003111,34,1,545000,24,9
06037577602,48,1,935000,45,2
06059032038,79,0,0,77,2
06097152804,8,1,505000,5,2
06037300400,82,0,0,79,3
06111001302,23,0,0,19,4
06037433304,11,0,0,11,0
06077003112,50,0,0,39,11
06107003100,16,0,0,14,2
06037603702,60,0,0,57,3
06059032039,94,1,725000,91,2
06075020201,12,0,0,12,0
06059087105,66,3,1895000,58,5
06065045109,93,0,0,77,16
06047002500,28,1,405000,26,1
06037237201,24,1,365000,16,7
06037433305,18,0,0,18,0
06085508503,28,0,0,28,0
06037577604,26,2,1320000,24,0
06111001303,49,1,695000,44,4
06037603703,43,2,1830000,36,5
06025011901,22,0,0,16,6
06037141400,71,1,595000,70,0
06037433306,5,0,0,5,0
06037237202,31,1,655000,22,8
06059087106,35,0,0,33,2
06075020202,41,0,0,41,0
06065050701,174,30,19480000,129,15
06025011902,20,0,0,12,8
06037577605,72,4,3810000,65,3
06111001304,33,1,685000,28,4
06097151100,39,0,0,39,0
06037433307,12,0,0,8,4
06085508505,42,1,945000,41,0
06037123410,25,1,1015000,23,1
06077003115,17,1,385000,10,6
06065050702,68,17,10235000,45,6
06025011903,41,2,810000,27,12
06037603705,14,1,805000,12,1
06037577606,35,0,0,35,0
06077003116,2,0,0,2,0
06037603706,6,0,0,6,0
06037555300,40,1,655000,36,3
06001406400,22,0,0,18,2
06059110010,66,1,455000,59,6
06099002503,26,1,415000,22,3
06037551300,37,0,0,32,5
06115040701,417,50,25480000,296,69
06089012500,24,2,720000,20,2
06085508507,19,0,0,19,0
06115040702,162,18,7920000,90,53
06099002504,41,0,0,32,9
06019005403,21,1,355000,16,4
06077003117,51,2,1220000,46,3
06059110011,44,0,0,43,1
06037408722,32,1,755000,27,4
06099002505,77,2,970000,53,22
06077003118,47,0,0,41,6
06085508508,28,0,0,28,0
06073002702,75,6,2820000,66,3
06037480101,28,0,0,27,1
06059110012,78,1,1555000,72,5
06071011002,61,3,1615000,48,10
06085508509,4,0,0,4,0
06077003119,38,5,3015000,29,4
06037480102,31,0,0,31,0
06099002506,11,0,0,8,3
06083002710,15,3,1165000,10,2
06019005405,49,3,1195000,35,11
06029002804,87,9,2255000,56,22
06059099310,36,0,0,36,0
06073002703,74,11,6015000,56,7
06071011003,69,0,0,65,4
06037408724,3,0,0,3,0
06059110014,15,0,0,15,0
06053011302,26,0,0,24,2
06019005406,55,4,1820000,36,15
06071011004,46,0,0,36,10
06059099311,42,1,1625000,41,0
06029002806,19,1,385000,14,4
06019005407,33,3,1165000,26,4
06037408725,40,1,685000,39,0
06059110015,59,1,755000,55,3
06073002705,40,3,1335000,34,3
06001421200,47,0,0,46,1
06053011303,39,3,1555000,27,9
06037127102,48,0,0,39,9
06085501000,30,0,0,28,2
06037101110,53,0,0,50,3
06081613300,28,0,0,28,0
06067003600,35,2,810000,29,4
06055201401,59,0,0,56,3
06029002807,76,5,3275000,60,11
06019005409,28,2,820000,19,7
06053011305,46,2,830000,23,21
06037123103,30,0,0,25,5
06037127103,3,0,0,3,0
06073001000,39,1,1475000,38,0
06073009000,26,1,875000,24,1
06037201700,50,0,0,46,4
06073020110,126,10,8020000,107,9
06073002707,19,0,0,18,1
06085509001,39,0,0,39,0
06071001803,15,0,0,11,4
06037920102,55,1,325000,41,12
06055201402,29,0,0,27,2
06073005000,6,0,0,6,0
06037533001,9,0,0,8,1
06037123104,25,0,0,23,2
06085509002,31,0,0,31,0
06067007602,61,4,1650000,50,7
06055201403,8,0,0,8,0
06073020111,64,5,3855000,54,5
06071001804,78,2,1220000,70,6
06037127104,25,0,0,23,2
06037267403,11,0,0,11,0
06053011306,21,1,475000,14,6
06073002708,18,1,395000,17,0
06037533002,7,0,0,3,4
06073002709,13,1,835000,11,1
06067007603,27,3,1435000,22,2
06037267404,11,0,0,11,0
06037920104,50,2,1650000,42,6
06037408140,18,1,445000,15,2
06037267405,12,0,0,12,0
06095251600,30,0,0,26,4
06001436601,31,0,0,29,2
06037408141,33,0,0,24,9
06037404100,55,2,1330000,47,6
06067007604,47,4,1310000,34,9
06111005801,85,1,1015000,78,6
06059052410,64,1,905000,60,3
06065043802,137,8,4060000,102,26
06071001806,45,0,0,43,2
06013330000,88,2,1330000,82,4
06087122202,56,0,0,56,0
06037267406,6,0,0,6,0
06001436602,33,2,1530000,30,1
06013334001,39,0,0,36,3
06059052411,48,0,0,44,4
06071008100,14,0,0,14,0
06037920106,39,1,395000,36,2
06087122203,37,1,795000,36,0
06037540400,18,3,1865000,9,6
06111005803,39,3,2675000,34,2
06071004101,51,0,0,40,11
06017030701,102,3,2955000,94,5
06073016401,91,11,6635000,72,8
06071001808,36,3,1805000,29,4
06085505006,47,0,0,47,0
06087122204,37,0,0,35,2
06083002405,14,0,0,12,2
06085505007,28,0,0,28,0
06039000701,54,5,2105000,37,12
06071001809,38,0,0,34,4
06087122205,66,1,1405000,65,0
06111005804,67,1,695000,64,2
06083002406,4,0,0,4,0
06029003303,10,0,0,5,4
06039000702,73,5,1795000,50,18
06071004103,37,1,415000,24,12
06071000103,52,0,0,49,3
06037920109,83,1,585000,76,6
06073016403,61,5,2345000,54,2
06083002407,3,0,0,3,0
06073016404,10,2,1110000,7,1
06029003304,27,2,600000,18,7
06037297601,12,1,665000,10,1
06065043807,69,3,1485000,45,21
06071000104,51,0,0,50,1
06071004104,19,0,0,11,8
06067007020,190,11,5925000,166,13
06059052415,72,2,1670000,66,4
06001451401,87,1,845000,85,1
06037205120,3,0,0,2,1
06083002408,3,0,0,2,1
06029003305,79,1,325000,52,22
06107001800,62,3,1045000,40,19
06071000105,56,1,645000,55,0
06067007021,92,5,2355000,69,18
06037201120,21,0,0,19,2
06037651001,64,0,0,62,2
06065046101,39,5,1315000,13,19
06037297602,31,1,665000,29,1
06059052416,67,3,2085000,62,2
06013334006,74,2,1580000,69,3
06037231901,9,0,0,6,3
06037183810,11,0,0,8,3
06037651002,52,0,0,49,3
06067007022,19,1,345000,14,4
06059052417,51,0,0,50,1
06013334007,50,0,0,46,4
06059011000,64,1,1075000,60,3
06001451403,37,0,0,35,2
06083002409,110,13,7595000,81,16
06065046102,8,0,0,2,6
06075022901,16,1,1065000,15,0
06065043809,222,19,7075000,156,46
06017030706,166,3,3085000,155,7
06065043220,40,6,3710000,27,7
06067004100,41,1,525000,33,7
06071000107,31,0,0,30,1
06067000100,66,1,695000,63,2
06065043262,83,8,5100000,66,9
06067007023,69,4,1610000,56,9
06075022902,18,0,0,18,0
06013334008,46,1,495000,41,4
06037231902,9,0,0,5,4
06029003307,121,4,1670000,97,19
06065046103,56,5,1355000,25,25
06001451404,77,0,0,67,10
06059063500,57,0,0,57,0
06075022903,17,0,0,16,1
06067007024,32,1,465000,24,7
06013360200,45,1,545000,41,3
06015000101,36,2,610000,29,5
06065043222,82,6,4000000,71,5
06029003308,39,1,305000,33,5
06071000108,44,0,0,43,1
06059052419,42,0,0,41,1
06037501501,41,0,0,35,6
06037113322,67,0,0,66,1
06049000400,7,1,155000,5,1
06059088101,35,0,0,34,1
06067007025,23,0,0,20,3
06015000102,45,5,1465000,28,11
06017030709,139,4,4380000,131,4
06077001501,86,1,525000,55,30
06037113323,34,0,0,32,2
06071000109,84,3,1785000,78,3
06037430301,55,0,0,54,1
06065043264,129,17,10545000,99,13
06037113324,9,0,0,8,1
06037501503,31,0,0,29,2
06037570601,34,0,0,27,7
06067007026,83,4,2140000,73,6
06077001502,42,2,670000,28,12
06037430302,83,1,625000,78,4
06037271300,56,1,925000,54,1
06065043265,127,15,9415000,100,12
06007001800,45,3,1025000,30,12
06081600600,28,0,0,27,1
06037501504,9,0,0,8,1
06111002301,24,2,1250000,20,2
06015000104,9,2,660000,5,2
06059001801,31,0,0,25,6
06037482801,38,0,0,36,2
06037574602,24,0,0,24,0
06037570602,45,4,2420000,30,11
06037301400,60,0,0,60,0
06111006301,77,3,2635000,69,5
06097153804,56,1,865000,53,2
06065043266,38,8,4410000,27,3
06067007027,14,0,0,13,1
06111002302,30,0,0,26,4
06113010602,14,0,0,12,2
06067007028,57,2,980000,45,10
06059088104,17,0,0,16,1
06037600702,61,5,4525000,53,3
06037238200,56,3,2225000,43,10
06023000600,58,2,580000,51,5
06075025200,60,1,1405000,59,0
06111006302,33,0,0,31,2
06059001802,35,1,555000,34,0
06037570603,11,0,0,11,0
06065043267,129,12,7200000,102,15
06061023700,75,8,3840000,65,2
06017031200,82,2,810000,70,10
06001433102,29,0,0,26,3
06001433103,13,0,0,13,0
06015000106,43,5,1515000,29,9
06059074901,31,1,635000,22,8
06097153806,32,1,1215000,30,1
06065940500,77,0,0,75,2
06037600703,42,4,2390000,35,3
06059088105,33,2,1690000,28,3
06065043227,141,20,11860000,103,18
06037239320,11,0,0,9,2
06037121801,15,0,0,14,1
06001433104,18,0,0,17,1
06015000107,31,1,425000,24,6
06059074902,16,0,0,10,6
06059088106,36,1,335000,33,2
06001444500,60,0,0,56,4
06037600704,34,0,0,26,8
06065043228,59,9,5585000,42,8
06057000900,65,2,840000,58,5
06097153807,65,1,745000,63,1
06099003501,68,3,1505000,47,17
06059088107,32,0,0,31,1
06099003502,54,3,955000,31,20
06113010605,33,1,915000,32,0
06065043229,110,10,5700000,91,9
06097153808,52,3,1775000,43,6
06037121802,27,0,0,22,5
06037190901,10,0,0,10,0
06097153809,68,1,755000,64,3
06037190902,5,0,0,5,0
06037320201,12,1,725000,10,1
06113010607,37,1,955000,35,1
06067008910,54,4,1530000,40,10
06037552301,46,0,0,39,7
06071009720,17,1,245000,12,4
06071012001,94,21,6655000,47,26
06067008911,15,2,860000,10,3
06113010608,32,0,0,32,0
06037320202,41,0,0,33,8
06037460501,70,0,0,70,0
06071009721,69,3,1015000,50,16
06037552302,33,2,1110000,25,6
06071012002,93,11,3155000,55,27
06087120901,55,0,0,53,2
06113010609,26,0,0,25,1
06037460502,64,1,1055000,62,1
06067008912,60,4,1390000,51,5
06087120902,52,0,0,51,1
06071009722,56,3,1565000,42,11
06019006405,99,1,335000,90,8
06037402801,12,0,0,10,2
06053012302,16,0,0,16,0
06067008913,55,4,1890000,43,7
06019006406,29,1,425000,24,4
06071009723,138,10,4360000,91,37
06019006407,34,4,2240000,25,5
06075030800,75,0,0,74,1
06071002801,26,2,1010000,16,8
06071009724,86,5,1955000,62,19
06001422200,34,0,0,29,5
06095252910,76,10,4890000,52,14
06001401600,25,0,0,22,3
06037128101,23,0,0,23,0
06001426200,54,0,0,54,0
06019006408,13,0,0,9,4
06037191710,7,0,0,6,1
06037124102,33,0,0,31,2
06085506000,53,0,0,51,2
06037900501,102,4,1850000,55,43
06037402803,12,1,825000,8,3
06071009725,103,8,3440000,71,24
06037128102,10,0,0,10,0
06095252911,108,11,4905000,78,19
06071009726,47,3,1485000,33,11
06085502001,37,1,1405000,35,1
06037124103,12,0,0,10,2
06037221810,8,0,0,7,1
06071002803,22,0,0,13,9
06037121221,14,0,0,13,1
06113011101,35,2,1080000,28,5
06067008601,130,4,2190000,115,11
06037402804,14,1,1295000,11,2
06037106111,58,1,725000,53,4
06019006409,82,1,315000,78,3
06095252912,90,20,13400000,56,14
06073006000,59,2,2120000,57,0
06081990100,1,0,0,1,0
06037265521,4,0,0,4,0
06037121222,17,0,0,16,1
06037124104,7,0,0,7,0
06065048800,49,1,475000,32,16
06037534001,4,0,0,4,0
06037601202,19,0,0,17,2
06085502002,23,0,0,22,1
06067008602,32,5,3295000,25,2
06071002804,17,0,0,13,4
06113011102,20,0,0,14,6
06073002001,79,2,1950000,75,2
06037106112,68,0,0,61,7
06071009727,35,4,1460000,17,14
06095252913,80,11,5725000,55,14
06037228420,3,0,0,1,2
06113011103,113,8,3940000,94,11
06001437600,21,0,0,20,1
06037534002,11,0,0,10,1
06037265522,13,0,0,13,0
06037106113,35,0,0,32,3
06093000800,32,1,285000,28,3
06037124105,5,0,0,5,0
06037224420,6,1,1015000,5,0
06059075401,50,0,0,47,3
06037900504,110,11,4605000,63,34
06103000500,86,4,1530000,61,19
06073002002,40,3,3195000,36,1
06095252914,59,9,4535000,37,13
06037106114,40,2,1350000,31,7
06037409100,54,0,0,50,4
06013335000,67,2,1650000,64,1
06037900505,70,7,2885000,39,24
06037139502,38,0,0,38,0
06037265523,16,0,0,16,0
06095252915,196,44,29660000,135,17
06037401101,42,0,0,41,1
06037265524,30,0,0,28,2
06029000300,49,1,245000,33,15
06037405101,38,0,0,32,6
06037900506,64,1,415000,40,23
06059075403,88,3,2495000,81,4
06013339001,10,0,0,10,0
06037221500,1,0,0,1,0
06071005101,88,2,960000,52,34
06037139504,33,0,0,32,1
06059075404,38,1,1095000,35,2
06037530005,30,0,0,29,1
06065044804,32,0,0,31,1
06075033100,35,0,0,35,0
06037401102,42,2,1040000,39,1
06037405102,20,1,525000,17,2
06037139505,16,0,0,16,0
06037530006,13,1,685000,10,2
06059075405,29,0,0,26,3
06059086801,31,1,925000,25,5
06037900508,72,6,2570000,46,20
06071005102,41,1,345000,27,13
06013339003,20,1,645000,19,0
06065044805,54,1,475000,49,4
06073018520,81,3,2995000,65,13
06095252604,34,3,1305000,20,10
06059086802,47,3,2425000,43,1
06037900509,39,2,700000,27,10
06029004303,34,3,895000,18,10
06037139506,32,0,0,31,1
06065040806,56,3,2025000,52,1
06037530007,112,2,1530000,106,4
06065044806,56,0,0,56,0
06013339004,45,0,0,44,1
06073018521,73,10,6620000,57,6
06059086803,51,2,1730000,47,2
06065040807,58,1,575000,53,4
06073018522,96,5,3715000,87,4
06029004304,23,0,0,14,9
06065044807,25,0,0,25,0
06095252605,48,4,2180000,37,7
06107002800,9,0,0,6,3
06065040808,38,0,0,31,7
06095252606,45,1,315000,30,14
06111007610,63,3,2455000,56,4
06029004305,11,0,0,9,2
06073018523,66,5,3555000,53,8
06111007611,16,0,0,13,3
06095252607,24,1,425000,20,3
06065040809,41,0,0,38,3
06045010500,28,3,1285000,22,3
06073018524,52,7,4935000,38,7
06073011601,7,0,0,7,0
06073011602,16,3,2725000,12,1
06037502500,27,1,675000,18,8
06097150800,65,0,0,63,2
06095252608,54,3,1145000,36,15
06111007612,50,1,745000,44,5
06073018525,82,6,4770000,72,4
06037203200,8,0,0,5,3
06067005101,30,2,660000,22,6
06111003613,41,7,4745000,34,0
06037431300,14,0,0,14,0
06111007613,64,2,1920000,58,4
06037571600,1,0,0,1,0
06067001102,6,0,0,6,0
06071010700,27,3,575000,17,7
06067005102,59,2,1180000,43,14
06111003614,61,3,1935000,50,8
06111007614,110,4,2750000,100,6
06071009109,115,6,2440000,65,44
06093001300,15,2,370000,13,0
06007002800,31,3,525000,20,8
06111007300,42,0,0,42,0
06037132001,53,0,0,52,1
06111003615,37,1,1445000,36,0
06067001103,7,0,0,7,0
06001438100,122,1,765000,111,10
06111003301,29,0,0,28,1
06111003616,79,1,1415000,75,3
06037132002,48,0,0,45,3
06077002503,8,2,720000,5,1
06081605600,76,0,0,76,0
06037272301,30,0,0,30,0
06001430101,62,1,1235000,60,1
06037218600,25,0,0,22,3
06111003617,27,0,0,27,0
06081601601,17,0,0,17,0
06037214600,22,0,0,22,0
06037272302,17,0,0,17,0
06059021912,65,1,1505000,63,1
06111003302,35,2,1310000,30,3
06001430102,32,0,0,29,3
06077002504,36,0,0,26,9
06101050401,63,5,1965000,43,15
06075026201,17,0,0,16,1
06111003618,35,1,1025000,32,2
06071010430,66,7,2785000,39,19
06059021913,66,2,2040000,60,4
06065941500,63,5,1745000,31,27
06101050402,49,2,920000,39,8
06101050403,65,5,2125000,45,15
06075026202,15,0,0,14,1
06081601603,44,0,0,42,2
06099000501,80,5,2295000,63,12
06013380001,62,0,0,61,1
06059021914,66,0,0,65,1
06071010431,64,5,1615000,52,7
06037199900,4,0,0,3,1
06085504700,5,0,0,5,0
06071010432,48,12,4230000,27,7
06081601604,36,3,1425000,33,0
06059021915,76,1,355000,72,3
06013380002,45,0,0,43,2
06073004700,5,0,0,5,0
06037195901,17,0,0,17,0
06037532700,7,0,0,5,2
06037620501,59,1,1275000,58,0
06073000700,36,4,2650000,32,0
06081601605,27,0,0,26,1
06071010433,39,8,2350000,23,8
06099000503,98,3,1665000,79,16
06059042201,65,0,0,64,1
06037553300,23,0,0,20,3
06059021916,68,1,755000,63,4
06037602510,14,0,0,14,0
06071010434,32,12,3400000,15,5
06073008701,22,0,0,21,1
06037195902,14,0,0,14,0
06059021917,53,0,0,51,2
06037461501,38,1,555000,37,0
06037602511,7,0,0,6,1
06073008702,46,4,3050000,41,1
06059021918,75,1,515000,67,7
06037195903,8,0,0,7,1
06099000505,101,7,3765000,73,21
06071010435,62,6,1670000,48,8
06059042203,174,5,4305000,161,8
06037211410,5,0,0,4,1
06019001600,41,3,1505000,29,9
06071010436,28,1,405000,20,5
06077005119,345,7,4445000,289,49
06085503312,41,0,0,41,0
06037461502,33,1,835000,26,6
06037602512,13,0,0,10,3
06059021919,55,0,0,53,2
06099000506,70,1,365000,56,13
06037602513,1,0,0,1,0
06071007800,56,3,1485000,45,8
06037403801,58,1,495000,49,8
06065030400,39,0,0,31,8
06085503313,47,0,0,47,0
06037407801,36,1,175000,35,0
06037104500,14,0,0,12,2
06059042205,110,2,2290000,104,4
06079011300,176,8,6260000,166,2
06001402600,7,0,0,5,2
06067009640,16,3,1105000,10,3
06001423200,18,0,0,17,1
06019004210,36,1,425000,30,5
06037407802,22,1,655000,16,5
06037125101,30,0,0,29,1
06037403802,48,1,545000,45,2
06037240800,43,0,0,28,15
06071003801,54,2,1040000,35,17
06001427200,52,0,0,49,3
06059042206,60,1,845000,54,5
06085503315,45,0,0,45,0
06067009641,32,0,0,25,7
06019004211,86,6,2290000,61,19
06037125102,29,0,0,29,0
06007003300,49,5,2335000,28,16
06067009642,19,0,0,16,2
06019004212,112,6,1990000,80,26
06071003803,41,0,0,24,17
06067009601,71,4,1530000,52,15
06037602201,43,2,2430000,39,2
06037531000,23,0,0,19,4
06085503001,80,0,0,79,1
06037602202,12,0,0,12,0
06085507002,46,0,0,46,0
06037119900,33,0,0,29,4
06067009643,80,3,1565000,68,9
06085503002,46,0,0,46,0
06069000701,38,1,675000,29,8
06019004213,48,1,385000,39,8
06071003804,55,2,930000,30,23
06065049800,56,13,6035000,41,2
06037406413,84,1,895000,74,9
06037535001,13,0,0,8,5
06025010401,3,0,0,2,1
06067009644,37,1,675000,33,3
06085507003,48,0,0,47,1
06037535002,9,0,0,7,2
06073007002,52,0,0,51,1
06069000702,70,2,1570000,51,17
06037229420,18,0,0,12,6
06037650701,35,1,1275000,33,1
06037204820,6,0,0,5,1
06085503003,70,0,0,69,1
06053014110,94,3,2885000,85,6
06019004214,72,1,275000,62,9
06025010402,16,1,245000,10,5
06001442000,38,0,0,38,0
06085507004,45,0,0,42,3
06067009330,52,1,425000,49,2
06067009645,52,3,2015000,41,8
06013355110,77,1,805000,54,22
06041105001,49,1,995000,48,0
06037650702,46,0,0,45,1
06099001001,66,3,1285000,52,11
06019004215,58,3,1245000,42,13
06029005300,1,0,0,1,0
06013355111,95,7,3365000,60,28
06037310300,44,0,0,44,0
06099001002,44,3,1075000,25,16
06019004216,60,2,890000,51,7
06067009646,40,0,0,36,4
06067009331,92,2,740000,86,4
06061021203,157,4,2630000,142,11
06037406101,47,0,0,43,4
06041105002,30,0,0,30,0
06065041803,89,2,1880000,83,4
06065041804,65,1,725000,61,3
06047001003,22,2,750000,12,8
06075013500,21,0,0,21,0
06037222500,15,0,0,13,2
06067009332,23,0,0,21,2
06061021204,62,1,765000,60,1
06019004217,24,2,850000,16,6
06067009647,76,3,1425000,68,5
06013355112,105,0,0,102,3
06029001301,20,0,0,15,5
06059980000,3,0,0,3,0
06047001004,16,0,0,10,6
06067009648,41,1,365000,38,2
06089011001,32,1,535000,27,4
06029001302,9,0,0,6,3
06067009333,34,2,1020000,29,3
06059087801,80,2,1380000,72,6
06065041805,71,3,2095000,62,6
06013355113,91,1,815000,89,1
06037406103,35,1,695000,32,2
06019004218,131,4,1590000,114,13
06067009334,58,4,2300000,51,3
06067009608,73,0,0,61,12
06089011002,99,10,3350000,70,19
06059087802,58,1,535000,51,6
06001432800,58,0,0,54,4
06067009649,73,3,2055000,68,2
06065041806,91,2,1610000,87,2
06047001005,14,2,510000,10,2
06047001006,50,4,1510000,32,13
06067009609,44,4,1940000,33,7
06013355115,70,0,0,70,0
06059087803,11,1,875000,10,0
06027000400,33,1,615000,29,3
06065041807,34,4,2900000,26,4
06067009335,32,0,0,31,1
06067009336,37,0,0,36,1
06073012600,23,3,2295000,19,1
06075020900,19,0,0,19,0
06037237900,65,2,1420000,49,14
06047001007,121,4,1500000,97,20
06065041808,96,4,2610000,89,3
06085512602,27,1,905000,25,1
06037119320,17,0,0,13,4
06059087805,31,1,635000,27,3
06065041809,58,2,870000,51,5
06047001008,126,8,2980000,90,28
06107003801,23,2,660000,13,8
06067002100,22,1,825000,20,1
06085512603,9,0,0,8,1
06107003802,21,1,255000,14,6
06073019210,37,9,4925000,27,1
06053000600,19,0,0,15,4
06013355118,61,2,1500000,45,14
06045011501,38,0,0,31,7
06059087806,32,0,0,31,1
06097151800,87,0,0,83,4
06037503501,70,1,585000,56,13
06085512604,27,0,0,24,3
06067006101,63,2,1100000,53,8
06045011502,14,0,0,9,5
06013355119,60,6,4380000,46,8
06037204200,16,0,0,14,2
06037432300,21,0,0,20,1
06065045222,160,7,3705000,105,48
06071011700,11,1,505000,2,8
06077003501,38,0,0,34,4
06037137000,102,2,1450000,99,1
06037503502,70,1,695000,64,5
06037133000,57,0,0,48,9
06067006102,27,1,435000,25,1
06065042300,304,12,7380000,228,64
06001410500,4,0,0,3,1
06001431100,26,1,335000,22,3
06065045224,119,0,0,107,12
06059062620,87,0,0,86,1
06077003502,65,0,0,60,5
06037576601,62,3,1595000,57,2
06073016606,71,8,5020000,59,4
06077003503,77,2,890000,62,13
06037181500,48,0,0,43,5
06037576602,42,1,855000,41,0
06081606600,37,0,0,37,0
06037189501,13,0,0,13,0
06001435102,60,1,1095000,56,3
06065045226,58,0,0,48,10
06037480802,40,0,0,38,2
06077003504,67,2,700000,44,21
06059062622,59,4,1300000,55,0
06073016607,91,14,10990000,74,3
06081602601,30,0,0,30,0
06111000302,162,20,14810000,111,31
06111008302,77,0,0,72,5
06037189502,14,0,0,13,1
06081602602,46,1,745000,44,1
06001435103,105,1,525000,103,1
06037480803,28,0,0,26,2
06109001200,40,1,385000,34,5
06111008303,32,4,2930000,25,3
06013381000,69,1,415000,62,6
06037123800,55,1,1365000,50,4
06073016608,43,8,5530000,34,1
06111000303,45,4,2810000,36,5
06111004304,121,10,4970000,109,2
06037480804,19,0,0,19,0
06111000304,18,0,0,13,5
06085512021,69,0,0,65,4
06111008304,65,1,705000,55,9
06065045228,161,10,5300000,133,18
06001435104,114,2,1260000,107,4
06073016609,91,9,5585000,68,14
06095250103,64,5,2795000,48,11
06001421900,47,0,0,46,1
06085512022,26,0,0,24,2
06085501700,13,0,0,13,0
06059062625,39,0,0,39,0
06085509700,29,0,0,29,0
06085505700,30,0,0,30,0
06095250104,36,0,0,29,7
06059110401,71,4,3060000,63,4
06059062626,4,0,0,4,0
06073005700,7,0,0,7,0
06019005520,103,4,2940000,96,3
06035040302,67,9,3075000,36,19
06037127803,16,0,0,14,2
06085512023,59,1,445000,58,0
06059110402,34,0,0,27,7
06073020810,123,27,19295000,81,15
06073001700,52,3,1415000,49,0
06095250105,87,2,1020000,72,13
06111008307,29,1,755000,24,4
06037533701,4,0,0,2,2
06037554301,16,0,0,13,3
06037127804,23,0,0,21,2
06035040303,27,3,705000,15,8
06037462500,85,1,1095000,79,5
06085512024,41,0,0,41,0
06095250106,47,1,825000,35,11
06075021400,30,0,0,30,0
06059062627,9,0,0,9,0
06073020811,171,31,21045000,126,14
06037533702,4,0,0,4,0
06107004301,9,0,0,6,3
06059062628,17,0,0,16,1
06037127805,19,0,0,18,1
06037554302,12,0,0,12,0
06073020812,34,1,995000,31,2
06059099701,31,0,0,29,2
06019005522,106,4,3220000,100,2
06035040304,17,4,930000,10,3
06111008308,82,1,675000,79,2
06085512025,32,1,1135000,31,0
06037127806,17,0,0,15,2
06037408800,12,0,0,9,3
06037212410,4,0,0,4,0
06107000302,4,0,0,3,1
06037533703,6,0,0,5,1
06059062629,26,0,0,26,0
06085512026,40,0,0,38,2
06107004302,5,0,0,5,0
06097152300,56,0,0,56,0
06073009703,58,4,3600000,53,1
06073020813,76,5,3365000,57,13
06059099702,56,0,0,55,1
06035040305,79,11,3125000,42,23
06059099703,29,0,0,28,1
06107000303,47,1,475000,40,6
06019002601,38,0,0,24,14
06073009704,102,9,6315000,88,5
06071004800,25,0,0,15,10
06085512027,28,0,0,28,0
06071008800,99,8,4100000,72,19
06037400801,96,1,755000,87,8
06037109500,38,1,585000,25,11
06019005524,81,1,555000,78,2
06019005525,115,2,1120000,97,16
06019002602,32,0,0,22,10
06073020500,41,2,1370000,33,6
06107000304,6,0,0,5,1
06073009705,72,4,3740000,66,2
06037219020,41,0,0,36,5
06065031401,70,0,0,53,17
06001403600,40,1,645000,38,1
06001428200,70,1,725000,65,4
06001407600,71,0,0,65,6
06037481300,18,0,0,18,0
06007000300,26,1,365000,20,5
06019005526,7,0,0,6,1
06037127220,30,0,0,29,1
06037603200,27,0,0,24,3
06085512029,102,3,2655000,94,5
06065031402,55,2,1040000,39,14
06037573101,22,0,0,18,4
06075032801,29,0,0,29,0
06013301000,130,4,2570000,117,9
06073009706,144,7,9155000,133,4
06079012302,59,0,0,58,1
06037536000,10,0,0,10,0
06037404804,23,1,705000,21,1
06037573102,33,1,815000,31,1
06075032802,31,0,0,30,1
06019005527,54,2,1030000,45,7
06037404805,10,0,0,9,1
06025011400,22,1,315000,16,5
06065046800,69,2,990000,46,21
06071000804,54,1,845000,53,0
06019005528,23,0,0,21,2
06087100600,27,1,875000,26,0
06061022200,18,0,0,18,0
06037209820,4,0,0,4,0
06085508003,23,0,0,23,0
06037120300,56,0,0,49,7
06037404806,37,0,0,33,4
06019005529,88,4,1590000,80,4
06037212101,8,0,0,8,0
06079012305,75,1,895000,72,2
06037212102,1,0,0,1,0
06047002001,2,0,0,2,0
06085508004,46,0,0,46,0
06079012306,87,2,2060000,81,4
06041106001,25,0,0,25,0
06053012503,24,0,0,23,1
06033000501,56,5,1415000,33,18
06067000800,8,0,0,8,0
06001443001,27,0,0,27,0
06053012504,12,1,825000,11,0
06033000502,18,0,0,12,5
06081610500,20,0,0,19,1
06041106002,69,0,0,69,0
06099002002,44,1,335000,35,8
06085508005,27,0,0,27,0
06047002002,70,2,720000,48,20
06029006301,12,1,365000,6,5
06115040201,35,1,315000,24,9
06001443002,49,0,0,47,2
06067004801,52,0,0,42,10
06071000808,80,6,4060000,70,4
06089012000,86,5,1675000,58,23
06085508006,33,0,0,33,0
06059052530,27,0,0,27,0
06075010500,21,0,0,21,0
06059088801,49,0,0,48,1
06073002201,24,1,545000,21,2
06115040202,51,7,2015000,32,12
06037120030,3,0,0,3,0
06059052531,20,0,0,20,0
06067004802,36,1,435000,27,8
06029002302,22,0,0,15,7
06099002004,68,2,680000,46,20
06037209510,3,0,0,3,0
06029006303,12,0,0,10,2
06073002202,12,0,0,11,1
06023010502,46,2,410000,44,0
06037700600,78,0,0,78,0
06059088802,33,0,0,32,1
06029002303,31,0,0,19,12
06099002005,40,3,1195000,27,10
06059052532,43,1,335000,42,0
06037131701,33,2,1080000,28,3
06029006304,7,1,345000,3,3
06001433801,26,0,0,22,4
06037131702,37,1,755000,33,3
06023010503,34,0,0,29,5
06059052533,56,0,0,56,0
06083002210,70,5,1995000,60,5
06099002006,61,1,405000,38,22
06029002304,14,0,0,11,3
06017031900,5,0,0,5,0
06029002305,16,0,0,10,6
06023010504,32,2,810000,28,2
06067007413,40,1,305000,30,9
06001433802,38,1,605000,34,3
06075025900,53,0,0,53,0
06083002211,86,4,2400000,67,15
06043000200,70,4,1840000,44,22
06059052535,27,0,0,27,0
06067007414,56,2,840000,37,17
06037242300,19,0,0,13,6
06073017601,77,2,1420000,74,1
06073013601,88,13,9875000,69,6
06059011707,78,1,1195000,70,7
06037500500,30,1,495000,26,3
06059011708,33,0,0,33,0
06037910712,29,3,1235000,21,5
06053001600,39,3,2225000,28,8
06041132200,18,1,1655000,16,1
06067007415,68,2,870000,53,13
06037541603,13,0,0,11,2
06077000500,18,1,365000,13,4
06037201200,4,0,0,4,0
06039000510,38,1,205000,25,12
06059011709,68,0,0,65,3
06037910713,59,1,475000,33,25
06067003101,62,2,740000,51,9
06013367200,34,0,0,33,1
06067007416,67,2,660000,48,17
06067007101,226,5,3525000,203,18
06073017603,32,0,0,32,0
06037209201,14,0,0,13,1
06077004501,22,0,0,19,3
06071012700,112,5,2975000,99,8
06067007417,81,3,1275000,57,20
06067003102,50,0,0,42,8
06037910714,57,3,1265000,43,11
06039000511,131,9,3575000,71,51
06037541604,18,0,0,12,6
06073013604,63,1,995000,60,2
06029003112,62,3,915000,39,20
06037138000,113,0,0,113,0
06077004502,14,1,395000,8,5
06071001305,40,2,1080000,31,7
06039000512,71,5,1935000,43,22
06029003113,27,0,0,19,8
06111009300,66,0,0,65,1
06037541605,21,0,0,18,3
06067007103,76,3,1515000,67,6
06001436100,47,1,645000,41,5
06037209202,1,0,0,1,0
06037910715,87,4,1590000,62,21
06073017605,24,1,1255000,23,0
06073013605,117,3,2465000,107,7
06037541606,12,0,0,7,5
06039000513,39,4,1570000,27,8
06073017606,43,1,775000,41,1
06037910401,90,2,1120000,67,21
06037910716,80,1,525000,51,28
06081607600,49,0,0,47,2
06095251100,37,1,475000,27,9
06037231710,10,1,905000,9,0
06039000514,72,5,2075000,48,19
06067007105,88,0,0,80,8
06071001307,30,0,0,24,6
06073013607,29,1,565000,27,1
06037910717,36,2,720000,24,10
06039000515,66,3,1255000,38,25
06073013608,29,0,0,27,2
06067007106,98,5,2955000,78,15
06037183620,20,0,0,20,0
06037117404,63,0,0,56,7
06013382000,49,0,0,44,5
06037910718,72,3,1315000,45,24
06037220000,50,0,0,47,3
06017030201,35,0,0,32,3
06065043304,189,23,11215000,111,55
06071001308,23,1,685000,16,6
06013386000,19,0,0,19,0
06073017060,66,4,3760000,59,3
06037238320,14,0,0,10,4
06037117405,7,0,0,7,0
06039000201,8,0,0,5,3
06071001309,19,0,0,15,4
06073017061,70,2,4350000,66,2
06037910404,46,3,1475000,33,10
06039000516,30,3,1485000,25,2
06017030202,27,0,0,25,2
06037128801,22,0,0,22,0
06067007107,84,4,2180000,76,4
06073017020,179,9,10685000,170,0
06037910719,60,2,990000,34,24
06109002201,93,8,2780000,60,24
06111005304,96,4,1680000,79,13
06037601900,14,0,0,11,3
06001422901,2,0,0,2,0
06037128802,39,0,0,39,0
06109002202,57,1,545000,49,7
06037910405,29,0,0,23,6
06039000517,22,0,0,19,3
06073017021,54,4,3920000,47,3
06067007108,188,12,6180000,160,16
06065043306,94,13,5015000,44,37
06073017062,94,1,945000,93,0
06111005305,96,1,1605000,94,1
06039000203,2,0,0,2,0
06039000518,17,2,780000,11,4
06085502701,77,1,2205000,74,2
06085506701,32,0,0,32,0
06065043307,150,31,14505000,60,59
06037534700,24,0,0,19,5
06001422902,1,0,0,1,0
06111005306,66,3,2895000,58,5
06067007109,59,5,2195000,50,4
06037530700,17,0,0,13,4
06073017063,52,1,1335000,51,0
06073017022,93,10,8790000,80,3
06037117408,14,0,0,14,0
06037231400,36,0,0,33,3
06037463500,36,0,0,36,0
06085506702,51,0,0,49,2
06039000204,124,8,3950000,86,30
06111005307,71,2,1810000,62,7
06073017064,83,3,3425000,79,1
06065043308,33,1,425000,15,17
06085506703,36,0,0,35,1
06021010101,73,2,590000,50,21
06111005308,42,2,1960000,36,4
06073017065,123,3,3245000,118,2
06065043309,29,4,1660000,20,5
06085502703,61,0,0,60,1
06037405800,47,3,1985000,38,6
06085502704,46,0,0,46,0
06019007600,19,0,0,19,0
06021010102,68,6,2120000,40,21
06073017066,103,1,1575000,100,2
06047000701,31,1,85000,17,11
06019003600,63,0,0,51,12
06001441701,41,0,0,41,0
06077001000,52,1,415000,37,14
06073017067,27,2,1820000,23,2
06071009800,80,2,730000,44,34
06037501001,20,0,0,15,5
06047000702,98,4,2190000,88,6
06071005800,22,2,860000,12,8
06037143602,58,0,0,57,1
06037401801,74,2,1260000,63,9
06107001303,64,4,1090000,39,21
06097153301,58,1,545000,50,7
06001408600,57,1,385000,44,12
06001400600,20,1,1025000,19,0
06073017068,42,0,0,42,0
06001441702,41,0,0,41,0
06037501002,54,1,725000,45,8
06037574100,87,0,0,76,11
06107001304,37,1,575000,28,8
06097153302,55,3,1935000,46,6
06001404600,109,0,0,108,1
06037143603,30,0,0,30,0
06037570100,30,2,2130000,25,3
06037401802,78,0,0,72,6
06007001300,34,2,590000,30,2
06073017069,36,1,455000,33,2
06037128220,21,0,0,21,0
06107001305,19,2,670000,9,8
06037604200,44,1,475000,34,9
06073021501,44,1,985000,43,0
06037143605,7,0,0,7,0
06037482301,14,0,0,14,0
06081600100,63,1,355000,60,1
06107001306,65,6,2090000,49,10
06037600201,22,0,0,16,6
06089010702,64,2,930000,56,6
06053013500,50,4,2410000,42,4
06059001301,94,1,1155000,84,9
06073021502,110,2,2740000,107,1
06113010102,8,0,0,8,0
06037143606,3,0,0,3,0
06023000100,20,0,0,18,2
06037600202,26,0,0,20,6
06037213100,14,0,0,13,1
06089010703,33,1,385000,29,3
06025012400,4,0,0,4,0
06061023200,96,10,5450000,81,5
06059063004,63,0,0,61,2
06013306002,52,3,2325000,37,10
06037217101,19,1,1325000,17,1
06089010704,50,8,2510000,32,10
06059001303,54,3,1305000,43,8
06037482303,11,0,0,11,0
06013306003,81,1,555000,63,17
06113010103,64,3,1595000,51,10
06065051200,48,0,0,48,0
06059063005,5,0,0,5,0
06041107000,77,0,0,76,1
06013306004,38,1,485000,32,5
06113010104,97,4,2410000,79,14
06037217102,17,0,0,15,2
06037482304,5,0,0,5,0
06059001304,51,1,505000,47,3
06059063006,34,0,0,34,0
06037265601,34,0,0,34,0
06113010105,14,1,335000,10,3
06005000401,66,6,2690000,51,9
06065044921,58,1,1765000,57,0
06059074403,4,0,0,4,0
06081611500,22,0,0,22,0
06071002610,42,1,435000,27,14
06067001800,70,0,0,66,4
06099003002,87,0,0,73,14
06059063007,101,1,2425000,99,1
06013302005,84,5,2535000,63,16
06057000401,138,5,1905000,118,15
06037228500,14,0,0,12,2
06037203900,9,0,0,7,2
06067005801,97,4,1900000,83,10
06037265602,27,0,0,26,1
06099003003,63,3,1335000,51,9
06071002611,49,4,1960000,32,13
06075015500,7,0,0,7,0
06013302006,108,3,1785000,93,12
06059063008,14,0,0,14,0
06065044922,375,12,7270000,318,45
06037194401,27,0,0,27,0
06037190401,6,0,0,6,0
06005000402,92,11,4485000,69,12
06037190402,2,0,0,2,0
06023011501,7,0,0,6,1
06059074405,38,1,695000,36,1
06065044923,53,2,840000,44,7
06059063009,31,0,0,31,0
06037464000,71,0,0,71,0
06099003004,25,1,295000,22,2
06037132700,41,1,865000,35,5
06073003201,35,3,2115000,26,6
06057000403,34,0,0,28,6
06037194402,46,0,0,45,1
06013302007,158,6,4320000,129,23
06087120400,92,6,4740000,77,9
06083000600,49,0,0,49,0
06059074406,5,0,0,4,1
06073003202,56,2,1260000,44,10
06057000404,77,3,1705000,67,7
06001430800,57,0,0,56,1
06023011502,20,0,0,19,1
06065044924,48,1,465000,39,8
06037460001,26,0,0,26,0
06067005803,52,1,365000,51,0
06059074407,14,0,0,14,0
06085510600,43,0,0,43,0
06067005804,52,1,605000,50,1
06037701601,39,0,0,39,0
06013302009,168,9,6745000,133,26
06065044925,48,1,465000,40,7
06037460002,42,1,1355000,39,2
06031000602,88,21,8505000,44,23
06037980008,1,0,0,1,0
06037701602,31,0,0,31,0
06073003204,56,4,3280000,48,4
06059074408,14,0,0,13,1
06037402301,44,1,685000,36,7
06065040611,79,1,855000,75,3
06065044926,58,2,940000,43,13
06031000603,183,43,18795000,94,46
06037542601,8,0,0,6,2
06073010601,48,1,3255000,47,0
06001401100,20,0,0,17,3
06067008140,35,2,950000,31,2
06031000604,122,29,12185000,72,21
06073018601,57,7,5155000,46,4
06065044927,90,4,2180000,85,1
06071006301,39,0,0,19,20
06073014601,86,12,8510000,72,2
06037402303,24,1,685000,17,6
06067008141,67,4,1750000,53,10
06037542602,37,1,485000,24,12
06065044928,105,1,1005000,96,8
06073014602,63,3,2585000,59,1
06075030301,40,0,0,40,0
06067008142,29,1,455000,24,4
06071006303,28,0,0,15,13
06065044929,86,4,2240000,80,2
06037402304,18,0,0,16,2
06073003207,83,8,4480000,72,3
06075030302,37,1,1415000,36,0
06037206201,4,0,0,4,0
06067008143,32,0,0,26,6
06073003208,69,16,8230000,44,9
06071006304,45,0,0,22,23
06065048300,76,4,1770000,53,19
06065044300,72,4,1390000,42,26
06037206202,13,1,265000,12,0
06037294410,33,1,355000,31,1
06073003209,57,17,9095000,31,9
06037139001,69,0,0,68,1
06071002031,76,1,705000,73,2
06077005502,364,1,985000,355,8
06067008144,70,2,1250000,59,9
06093000300,50,5,1285000,30,15
06065040616,98,6,4520000,92,0
06081604600,28,0,0,28,0
06081608600,31,0,0,31,0
06077005503,11,0,0,11,0
06071002306,63,1,465000,51,11
06001437101,58,0,0,55,3
06067008145,128,3,1505000,104,21
06065040302,101,3,1595000,82,16
06065040617,93,2,1450000,87,4
06071002307,44,0,0,31,13
06001437102,30,0,0,24,6
06065040303,39,2,1410000,28,9
06065040618,150,4,2200000,144,2
06065040304,16,0,0,12,4
06109003200,76,4,1340000,63,8
06065040619,66,1,635000,64,1
06013383000,41,0,0,40,1
06071002308,143,6,3940000,120,17
06073018608,48,15,8615000,31,2
06013387000,35,0,0,34,1
06095252102,52,2,1210000,44,6
06071002309,40,0,0,33,7
06059086301,82,2,1900000,63,17
06065040305,28,2,1150000,16,10
06001427900,42,0,0,42,0
06097150610,50,0,0,50,0
06073018609,80,8,4360000,65,7
06071002035,77,0,0,70,7
06095252103,47,2,1320000,38,7
06037602900,35,3,2455000,27,5
06001423901,11,0,0,11,0
06097150611,63,0,0,62,1
06095252104,123,6,4670000,117,0
06085507701,36,0,0,35,1
06001423902,12,0,0,11,1
06071002037,158,9,5565000,120,29
06097150612,45,0,0,42,3
06059086303,94,2,1160000,87,5
06095252105,58,1,465000,54,3
06037535701,30,0,0,26,4
06059042320,71,2,1190000,60,9
06037531701,17,0,0,16,1
06085507702,57,0,0,56,1
06073007701,38,2,1430000,36,0
06059086304,39,1,785000,35,3
06071002038,69,3,1945000,61,5
06073011100,50,5,5595000,44,1
06037273502,18,0,0,17,1
06037291220,22,0,0,20,2
06075023400,13,0,0,13,0
06037236400,63,0,0,60,3
06095252106,57,3,1705000,53,1
06037232401,22,0,0,17,5
06037531702,13,0,0,11,2
06037535702,18,0,0,14,4
06073007702,36,0,0,36,0
06099001700,15,0,0,14,1
06047001700,66,2,460000,43,21
06085503703,13,0,0,11,2
06071002039,193,13,7945000,146,34
06095252107,54,1,715000,50,3
06061021901,45,2,1160000,40,3
06059086305,61,2,1320000,54,5
06037211802,16,0,0,16,0
06059086306,27,2,1600000,25,0
06107002302,41,1,255000,30,10
06037232402,20,0,0,17,3
06085507704,22,0,0,22,0
06061021902,79,2,1000000,73,4
06019008600,22,1,305000,18,3
06001442700,43,0,0,43,0
06095252108,54,0,0,50,4
06011000500,26,0,0,23,3
06085507705,32,0,0,31,1
06077002000,26,3,835000,11,12
06037406801,39,1,795000,36,2
06059042323,108,1,605000,105,2
06019000601,21,2,880000,11,8
06019004601,56,2,690000,44,10
06107002303,85,3,1145000,61,21
06037211803,7,0,0,7,0
06019000602,10,0,0,9,1
06019004602,45,0,0,43,2
06063000501,28,1,365000,26,1
06037211804,2,0,0,2,0
06107002304,17,1,235000,10,6
06001409600,28,0,0,20,7
06059042324,70,0,0,70,0
06079010301,51,0,0,48,3
06001405600,15,0,0,13,2
06059042325,55,0,0,54,1
06007002300,62,2,1210000,50,10
06037575101,28,0,0,26,2
06037550501,25,1,655000,21,3
06085504510,35,0,0,35,0
06037502003,30,0,0,26,4
06063000502,83,0,0,78,5
06037571101,70,4,3340000,61,5
06085503707,31,0,0,28,3
06037104620,17,0,0,12,5
06079010302,55,3,2905000,49,3
06037195710,17,0,0,17,0
06097150303,77,1,155000,74,2
06089011701,56,2,600000,41,13
06085503708,14,0,0,13,1
06081601100,43,0,0,41,2
06081605100,31,0,0,31,0
06081608023,28,0,0,28,0
06037502004,24,0,0,17,7
06053014500,54,0,0,48,6
06037571102,69,3,2105000,58,8
06097154304,31,0,0,29,2
06079010303,47,3,1285000,38,6
06037575102,15,0,0,13,2
06059042326,57,0,0,52,5
06097150304,60,1,845000,56,3
06073008510,95,7,4295000,84,4
06037550502,64,0,0,62,2
06089011702,64,5,1635000,45,13
06085503709,38,1,735000,37,0
06037502005,35,0,0,30,5
06037575103,29,0,0,29,0
06089011703,58,6,1760000,37,15
06081608024,39,0,0,38,1
06059042327,76,0,0,73,3
06083001910,41,1,575000,38,2
06037214100,38,0,0,38,0
06097150305,35,1,435000,30,4
06097154305,30,1,1635000,28,1
06061020200,136,10,4600000,106,20
06073008511,27,3,2335000,24,0
06053010501,76,1,985000,70,5
06083001911,16,1,865000,14,1
06099004000,27,1,445000,21,5
06085503121,29,0,0,28,1
06073008512,68,3,2435000,62,3
06059042328,39,0,0,39,0
06081608025,40,0,0,38,2
06097150306,49,0,0,49,0
06097154306,34,0,0,33,1
06085503122,14,0,0,14,0
06097154307,25,0,0,25,0
06023001102,26,3,1015000,22,1
06073008513,42,1,1075000,37,4
06059042329,73,0,0,70,3
06085511910,49,1,485000,47,1
06083001912,69,2,1470000,65,2
06065941001,25,2,860000,22,1
06001420401,1,0,0,1,0
06085503123,19,0,0,19,0
06081612500,38,0,0,37,1
06037199400,15,0,0,14,1
06023001103,14,0,0,14,0
06067002800,70,1,555000,55,13
06019001411,77,3,1185000,51,23
06085511911,59,0,0,59,0
06037262601,64,0,0,64,0
06037104310,24,0,0,23,1
06065941002,98,0,0,94,4
06037195400,55,0,0,55,0
06085500200,29,0,0,29,0
06097154308,21,0,0,20,1
06055200601,62,3,2485000,53,6
06053010504,40,0,0,32,8
06085503124,12,0,0,12,0
06067006801,12,0,0,8,4
06019001412,62,4,1450000,47,11
06085504201,62,0,0,61,1
06071003611,23,0,0,18,5
06085511912,74,0,0,74,0
06053010505,32,1,305000,28,3
06037532200,36,0,0,33,3
06073004200,82,4,3120000,73,5
06055200602,59,1,985000,53,5
06037620001,54,0,0,54,0
06075016500,39,0,0,39,0
06067006802,11,0,0,7,4
06037620002,21,2,2190000,17,2
06053010506,7,0,0,3,4
06037192520,15,0,0,15,0
06037461000,56,0,0,55,1
06073008201,25,0,0,25,0
06067009410,127,14,6890000,89,24
06085504202,70,0,0,70,0
06071003612,55,7,3195000,28,20
06085511913,48,0,0,48,0
06085503125,33,0,0,33,0
06073000201,28,1,1095000,25,2
06061021323,226,8,5440000,211,7
06019001413,186,11,4725000,124,51
06085503126,38,1,705000,37,0
06087121401,22,0,0,21,1
06073008202,12,0,0,12,0
06031001601,12,1,555000,9,2
06037702600,72,0,0,70,2
06085511914,66,0,0,65,1
06083001601,53,1,825000,49,3
06061021324,166,4,2700000,154,8
06067006803,42,2,700000,25,15
06001435800,55,0,0,54,1
06073000202,50,4,3520000,44,2
06037262604,110,0,0,108,2
06065045610,1,0,0,1,0
06037208903,1,0,0,1,0
06075012503,2,0,0,2,0
06019001415,35,1,285000,26,8
06061021325,173,14,8470000,151,8
06085511915,20,0,0,20,0
06019001100,24,1,195000,17,6
06085503127,99,0,0,99,0
06013333200,111,1,505000,101,9
06087121402,26,0,0,25,1
06075012504,4,0,0,4,0
06037208904,2,0,0,2,0
06065045611,9,0,0,5,3
06019001416,64,2,920000,44,18
06085511916,52,0,0,52,0
06037311500,52,0,0,52,0
06061021326,68,3,1905000,63,2
06087121403,23,0,0,22,1
06037407301,27,1,345000,22,4
06095250801,45,5,2695000,34,6
06013337201,48,3,2445000,44,1
06071003301,37,0,0,28,9
06065045612,19,1,435000,10,8
06083001604,34,0,0,31,3
06019001417,81,2,710000,65,14
06085511917,77,1,1195000,76,0
06037543601,32,0,0,24,8
06037407302,26,0,0,24,2
06013337202,60,0,0,55,5
06073015601,71,10,5870000,57,4
06075035300,43,0,0,43,0
06061021327,666,21,12775000,567,78
06073019601,105,10,7510000,86,9
06065042730,74,7,3635000,47,20
06019001418,22,1,715000,16,5
06075031301,38,0,0,38,0
06071003302,36,0,0,27,9
06085511918,47,0,0,47,0
06037240301,13,2,1010000,9,2
06065042731,211,23,12385000,119,69
06073015602,52,3,4415000,44,5
06061021328,556,29,17445000,468,59
06065045613,227,1,605000,225,1
06073019602,57,2,1250000,49,6
06071007303,15,0,0,13,2
06069000200,83,3,2555000,77,3
06037543603,47,2,1800000,39,6
06065042732,210,23,11965000,148,39
06037240302,9,1,845000,5,3
06041130201,44,0,0,44,0
06075031302,33,0,0,32,1
06065045614,102,4,1730000,95,3
06065045615,19,0,0,13,6
06037403305,16,0,0,16,0
06001450601,58,1,725000,55,2
06037119400,46,0,0,39,7
06037650200,62,3,2265000,58,1
06065042733,274,33,19395000,196,45
06065045616,3,0,0,2,1
06037111401,20,1,895000,17,2
06067009103,46,2,890000,38,6
06075042700,22,0,0,22,0
06071007305,19,1,515000,13,5
06037115401,47,0,0,44,3
06065041301,38,0,0,25,13
06041130203,40,0,0,39,1
06103001000,84,1,235000,72,11
06037543605,54,3,1265000,46,5
06041130204,16,0,0,16,0
06065041302,31,0,0,23,8
06001450603,68,0,0,68,0
06065045617,51,0,0,47,4
06037111402,24,0,0,23,1
06065045302,18,0,0,11,7
06071007306,55,2,1060000,47,6
06037543606,63,2,900000,55,6
06065045618,1,0,0,1,0
06065045303,13,1,315000,8,4
06037115403,17,0,0,13,4
06071007307,52,2,1210000,49,1
06037543607,45,0,0,42,3
06081609601,35,0,0,35,0
06067009105,49,2,890000,35,12
06095253101,90,7,4045000,66,17
06001450604,53,0,0,53,0
06037237710,10,0,0,9,1
06065045619,6,0,0,6,0
06081609602,21,0,0,21,0
06037115404,21,0,0,18,3
06071007308,46,0,0,41,5
06067009106,55,1,485000,50,4
06001450605,54,0,0,54,0
06013388000,36,0,0,35,1
06013384000,52,0,0,50,2
06065042737,675,156,88340000,329,190
06037901007,40,2,1070000,31,7
06037226001,4,0,0,4,0
06059087301,19,0,0,17,2
06037222001,23,0,0,22,1
06037901008,44,2,780000,31,11
06037577800,51,3,2145000,39,9
06067009107,40,1,465000,31,8
06075013001,22,0,0,22,0
06081609603,95,0,0,95,0
06059062701,67,0,0,66,1
06001450606,61,0,0,61,0
06037573800,65,0,0,58,7
06109004201,58,0,0,53,5
06065045305,157,14,6520000,120,23
06065042738,180,30,17300000,117,33
06001450607,29,0,0,28,1
06037134201,54,3,2595000,47,4
06037222002,29,0,0,28,1
06037127920,30,0,0,28,2
06037226002,17,1,425000,15,1
06001432300,40,1,995000,35,4
06075013002,14,0,0,14,0
06065042739,277,43,25585000,195,39
06065045306,80,3,1445000,61,16
06077003310,52,1,485000,33,18
06059087302,27,0,0,25,2
06067009108,60,3,1465000,50,7
06037901009,83,10,4710000,45,28
06059062702,71,0,0,71,0
06109004202,61,0,0,56,5
06019005911,121,10,4780000,94,17
06087110503,17,0,0,16,1
06085512100,4,0,0,4,0
06037603901,21,3,1805000,17,1
06075061501,18,1,765000,17,0
06077003311,48,0,0,41,7
06067009109,97,7,3495000,78,12
06019005912,351,21,10565000,294,36
06001450608,55,0,0,55,0
06095253105,69,4,1840000,52,13
06087110504,10,0,0,10,0
06037296220,8,0,0,8,0
06077003312,16,2,750000,9,5
06061022900,60,1,615000,56,2
06075061502,16,0,0,16,0
06001450609,53,0,0,52,1
06037212800,32,1,895000,30,1
06019005913,52,2,950000,47,3
06037603902,16,1,735000,14,1
06095253106,41,4,1810000,28,9
06037300601,37,0,0,36,1
06037185310,9,0,0,9,0
06087110505,16,0,0,14,2
06037433505,10,0,0,10,0
06019005914,94,10,4580000,78,6
06037141600,84,0,0,84,0
06073012101,9,0,0,7,2
06075061503,20,0,0,20,0
06107003301,22,0,0,19,3
06037295103,80,3,2215000,75,2
06075020401,43,0,0,42,1
06037237401,31,1,605000,16,14
06077003313,18,0,0,17,1
06095253107,81,8,3580000,63,10
06037300602,17,0,0,17,0
06065050901,4,0,0,4,0
06107003302,12,0,0,10,2
06087110506,20,0,0,19,1
06045011001,13,0,0,12,1
06019005915,81,3,1895000,74,4
06037433506,12,0,0,10,2
06073012102,31,5,2565000,21,5
06037503000,15,0,0,14,1
06075061504,33,0,0,33,0
06099002701,32,1,285000,25,6
06075020402,45,0,0,45,0
06037237402,30,1,585000,19,10
06095253108,51,7,3795000,34,10
06019005916,38,0,0,38,0
06099002702,47,2,730000,25,20
06065050902,40,2,1160000,29,9
06053000101,14,0,0,11,3
06085508705,14,0,0,14,0
06075061505,18,0,0,18,0
06097151301,34,0,0,29,5
06085508706,33,0,0,32,1
06019005602,34,1,365000,25,8
06075061506,33,0,0,32,1
06013345101,108,0,0,106,2
06115040901,40,4,1320000,28,8
06045011003,22,0,0,22,0
06111001506,78,5,2895000,64,9
06075061507,18,0,0,18,0
06001406601,36,2,1430000,33,1
06053000103,15,0,0,12,3
06089012701,76,3,1195000,51,18
06045011004,23,1,1365000,21,1
06085508707,34,0,0,34,0
06111001507,40,2,1080000,35,3
06037551501,52,0,0,47,5
06013345102,71,0,0,71,0
06001410000,60,1,945000,57,1
06037551502,29,0,0,24,5
06081602100,11,0,0,9,2
06053000104,35,0,0,28,7
06001406602,22,0,0,22,0
06081606100,46,0,0,45,1
06073002902,75,8,5340000,62,5
06075061508,10,0,0,10,0
06085508708,85,0,0,85,0
06111001508,47,1,595000,45,1
06013345103,63,0,0,62,1
06089012702,31,2,940000,22,7
06013304001,83,3,2035000,74,6
06037181000,87,0,0,86,1
06013308001,124,4,2040000,91,29
06111001509,36,3,1445000,33,0
06073002903,63,6,4100000,48,9
06037480302,31,0,0,29,2
06013304002,14,0,0,13,1
06013308002,106,4,2640000,81,21
06019005605,22,2,770000,18,2
06097151305,36,1,685000,32,3
06053000105,25,0,0,21,4
06071011203,92,1,1125000,91,0
06037480303,7,0,0,7,0
06037215101,1,0,0,1,0
06037920340,14,1,655000,12,1
06059099511,21,0,0,21,0
06053011502,4,0,0,4,0
06019005606,57,1,485000,48,8
06073002904,79,4,2630000,67,8
06053000106,34,0,0,24,10
06013345105,103,2,1970000,100,1
06097151306,56,2,780000,46,7
06037127300,29,0,0,26,3
06013304003,67,0,0,62,5
06071011204,155,9,5355000,137,9
06059099512,12,0,0,10,2
06037920341,6,0,0,6,0
06037215102,2,0,0,2,0
06019005607,11,0,0,9,2
06071011205,34,0,0,32,2
06037123301,35,0,0,31,4
06037267600,29,0,0,29,0
06037480304,15,0,0,15,0
06001421400,23,0,0,23,0
06073002905,55,8,5130000,42,5
06041109001,40,0,0,39,1
06097151307,77,3,2135000,66,8
06013304004,97,1,645000,85,11
06037920342,6,0,0,6,0
06059099513,41,1,475000,37,3
06085501200,26,0,0,25,1
06083002913,32,0,0,30,2
06019005608,27,1,315000,15,11
06029003810,35,0,0,33,2
06067003800,79,4,1400000,61,14
06097151308,44,1,755000,39,4
06041109002,49,0,0,49,0
06055201601,18,1,1395000,17,0
06071011206,110,1,335000,105,4
06037123303,16,0,0,14,2
06085509201,51,0,0,49,2
06083002914,33,0,0,33,0
06081613501,38,1,1445000,37,0
06013304006,86,6,5020000,72,8
06067007801,77,5,2855000,65,7
06037920343,28,1,845000,24,3
06059099240,85,1,505000,81,3
06037621001,67,0,0,65,2
06055201602,44,0,0,42,2
06029003811,35,0,0,30,5
06059099514,84,3,3295000,78,3
06097151309,170,11,8745000,151,8
06073020310,68,2,1270000,62,4
06059099241,19,1,445000,17,1
06037533201,2,0,0,1,1
06067007802,48,1,645000,41,6
06029003812,52,1,265000,39,12
06081613502,81,0,0,79,2
06073005201,18,4,2180000,13,1
06073009201,31,4,3670000,25,2
06037920303,52,0,0,49,3
06037123304,16,0,0,15,1
06073001201,22,0,0,22,0
06073020311,124,10,6740000,109,5
06013304007,78,4,2630000,63,11
06085505202,42,1,1255000,41,0
06085509202,77,1,1955000,75,1
06087122401,15,1,705000,14,0
06085505203,37,0,0,36,1
06037462001,12,0,0,11,1
06073001202,34,0,0,32,2
06073005202,21,0,0,20,1
06001436800,41,0,0,39,2
06059099242,36,0,0,34,2
06037920030,113,3,1645000,93,17
06073020312,64,4,2540000,56,4
06059099202,48,0,0,44,4
06019002100,87,5,1545000,53,29
06037462002,17,0,0,14,3
06037920031,139,7,3025000,119,13
06059099243,85,4,4510000,77,4
06073020313,26,2,1520000,23,1
06013334200,112,1,1615000,111,0
06087122402,44,1,655000,40,3
06029003814,105,6,2950000,86,13
06073009203,54,2,1920000,51,1
06073009204,43,3,2595000,38,2
06037408301,38,0,0,34,4
06029003815,103,5,1935000,77,21
06059099203,35,1,745000,31,3
06037404301,27,0,0,26,1
06037540600,18,0,0,15,3
06037533204,15,0,0,12,3
06073020040,65,4,3160000,60,1
06029003500,81,3,785000,47,30
06059099244,70,2,970000,62,6
06037621005,61,0,0,61,0
06061022011,154,1,615000,150,3
06013338201,61,1,1245000,59,1
06095251802,6,0,0,5,1
06037408302,33,1,735000,24,8
06037241300,12,0,0,11,1
06001403100,14,0,0,14,0
06037404302,20,0,0,15,5
06059099245,39,0,0,37,2
06059099204,25,1,655000,23,1
06071004301,47,2,990000,24,21
06071008301,78,4,1720000,64,10
06017030901,59,3,1585000,51,5
06029003816,61,1,605000,46,14
06073020041,28,4,2380000,23,1
06001407101,18,0,0,16,2
06071004302,43,1,475000,24,18
06029003817,67,2,970000,48,17
06061022013,61,0,0,47,14
06071008302,57,2,1300000,51,4
06073020042,59,4,2350000,51,4
06039000901,79,4,1440000,22,53
06037408303,50,0,0,41,9
06059099246,43,0,0,43,0
06037920034,134,8,6610000,115,11
06017030902,66,1,805000,59,6
06095251803,54,2,1040000,37,15
06013338203,78,4,1770000,71,3
06059099247,13,0,0,13,0
06037400304,79,2,1720000,69,8
06039000902,25,0,0,15,10
06029003818,87,5,2185000,63,19
06061022014,75,0,0,74,1
06013338204,65,0,0,64,1
06037920035,108,7,4155000,83,18
06095251804,29,3,1535000,21,5
06001407102,28,0,0,28,0
06073020043,115,8,9710000,106,1
06039000903,16,0,0,12,4
06059099248,19,0,0,19,0
06029003819,67,2,1160000,57,8
06087100100,35,0,0,33,2
06001451601,83,0,0,83,0
06071000304,36,1,285000,29,6
06073020044,169,5,4345000,159,5
06059099249,12,0,0,11,1
06071000305,9,0,0,9,0
06037651201,60,0,0,60,0
06001451602,106,1,995000,102,3
06037117520,9,1,535000,8,0
06071000306,31,2,1090000,24,5
06059011200,49,0,0,46,3
06075047701,24,0,0,24,0
06037920038,40,3,1155000,34,3
06071000307,6,0,0,5,1
06037920039,22,0,0,17,5
06081614000,54,0,0,53,1
06075047702,29,0,0,29,0
06081610000,43,0,0,42,1
06067000300,55,1,825000,51,3
06037501700,50,0,0,49,1
06067004301,59,2,830000,43,14
06077001700,31,0,0,21,10
06075018000,28,0,0,28,0
06071000308,17,1,795000,8,8
06073013411,89,4,5220000,84,1
06059088301,65,0,0,64,1
06037570800,70,5,3305000,61,4
06037131200,45,1,845000,41,3
06067004302,52,1,565000,36,15
06037574800,37,3,1265000,34,0
06073013412,65,6,5690000,57,2
06109005201,31,6,2270000,17,8
06059063701,23,0,0,23,0
06037430501,70,0,0,67,3
06059063702,33,0,0,32,1
06113010800,30,2,930000,22,6
06037275500,15,1,985000,14,0
06111002500,52,1,455000,49,2
06037271500,33,0,0,32,1
06059088302,46,0,0,45,1
06077004310,50,3,1665000,42,5
06037430502,83,0,0,81,2
06037135201,39,0,0,37,2
06111006500,43,0,0,41,2
06001433300,91,1,795000,87,3
06037135202,61,1,905000,59,1
06037700101,28,0,0,28,0
06081600800,10,0,0,9,1
06073013414,94,7,5605000,80,7
06037700102,20,1,1445000,19,0
06037183701,22,1,545000,20,1
06023000800,30,1,315000,28,1
06073013415,29,2,1220000,25,2
06037238400,72,4,2310000,57,11
06037301601,22,0,0,22,0
06061023900,201,26,14090000,136,39
06037113211,74,3,2975000,61,10
06037541100,43,1,585000,28,14
06037910210,147,12,6810000,102,32
06037600902,40,1,895000,36,3
06075025401,21,0,0,21,0
06037301602,23,0,0,23,0
06073013416,52,3,2485000,47,2
06037183702,32,0,0,31,1
06099003700,34,0,0,27,7
06037113212,30,0,0,26,4
06065940700,70,2,1730000,63,5
06037135204,88,1,915000,86,1
06037910211,32,1,645000,26,5
06073013417,33,4,3660000,28,1
06037135205,37,0,0,35,2
06037910212,71,4,2140000,52,15
06073013102,49,7,3985000,38,4
06075025402,41,1,1255000,39,1
06037113213,59,0,0,54,5
06037910213,14,1,825000,12,1
06073013103,13,1,295000,12,0
06037504001,44,0,0,43,1
06075025403,30,0,0,29,1
06073013418,93,16,10850000,69,8
06019006602,24,0,0,17,7
06037910214,119,5,2995000,94,20
06077004001,13,2,670000,10,1
06037504002,68,2,1530000,58,8
06073013104,19,2,1210000,16,1
06037577100,60,0,0,59,1
06017031404,34,0,0,32,2
06073017104,52,2,2570000,50,0
06013346101,38,0,0,38,0
06019006603,21,0,0,16,5
06037910215,100,5,2535000,74,20
06073003901,23,2,1550000,17,4
06037460700,66,0,0,66,0
06071012201,85,1,735000,82,2
06017031405,56,2,860000,46,7
06013305000,71,2,1080000,53,16
06013309000,56,2,1130000,40,14
06075040200,27,1,1825000,25,1
06013346102,93,1,2215000,91,1
06077004003,74,5,2425000,51,18
06081603100,56,0,0,55,1
06081607100,38,0,0,38,0
06073017106,91,0,0,91,0
06073003902,21,2,1070000,18,1
06037910216,91,3,1265000,69,19
06017031406,123,4,1850000,90,29
06019006605,21,3,945000,11,5
06037231210,11,0,0,11,0
06077004004,230,12,6880000,166,52
06037910217,137,12,7970000,91,34
06037216100,22,0,0,22,0
06017031407,16,2,870000,10,4
06051000201,66,0,0,66,0
06073017107,43,2,2840000,40,1
06019006606,16,0,0,14,1
06037124300,21,0,0,19,2
06073017108,66,1,1715000,64,1
06037910218,69,2,790000,49,18
06017031408,35,3,1385000,29,3
06051000202,175,0,0,174,1
06001422400,13,0,0,13,0
06001401800,19,0,0,19,0
06073017109,87,1,1605000,86,0
06017031409,39,5,1405000,27,6
06037128302,12,0,0,12,0
06037900701,94,7,2885000,55,32
06113011301,15,2,1370000,13,0
06037601401,21,1,755000,18,2
06037128303,6,0,0,6,0
06037534201,9,0,0,8,1
06037190520,13,0,0,13,0
06067008802,46,3,1285000,39,4
06037463000,35,0,0,35,0
06037900703,49,2,890000,29,18
06037670500,30,0,0,30,0
06037601402,28,2,2460000,26,0
06085502202,44,0,0,44,0
06085506202,53,0,0,53,0
06113011302,129,16,9210000,97,16
06037900704,1,0,0,1,0
06085506203,36,0,0,36,0
06037530202,59,0,0,52,7
06067008803,14,1,535000,12,1
06037534202,10,0,0,9,1
06037139701,80,0,0,80,0
06037302102,39,0,0,38,1
06001437800,40,0,0,39,1
06085502203,35,0,0,35,0
06113011303,15,0,0,13,2
06037302103,18,0,0,17,1
06037534203,4,0,0,3,1
06085502204,8,0,0,8,0
06001441200,60,1,1055000,59,0
06113011304,14,1,565000,13,0
06037143101,35,0,0,34,1
06047000201,13,0,0,12,1
06037900705,59,4,1550000,30,25
06037530203,18,0,0,16,2
06085506204,66,0,0,65,1
06103000701,49,6,1620000,34,8
06029004500,10,0,0,5,3
06037302104,13,0,0,13,0
06071009300,23,1,265000,17,5
06103000702,30,1,295000,19,10
06037143102,17,0,0,17,0
06037530204,14,0,0,11,3
06019007101,48,0,0,39,8
06047000202,6,0,0,5,1
06037405301,14,0,0,12,2
06059075603,56,0,0,55,1
06071005300,59,3,1365000,36,20
06037139703,43,0,0,43,0
06019003102,47,3,1055000,37,7
06037265410,20,0,0,20,0
06089010200,37,1,315000,31,5
06037139704,63,0,0,62,1
06037405302,46,0,0,43,3
06059075604,116,0,0,114,2
06019007102,5,0,0,4,1
06001400100,56,0,0,56,0
06001408100,126,3,2735000,121,2
06073021001,46,5,1735000,37,3
06019003103,50,4,1560000,35,11
06037401303,25,0,0,23,2
06037139705,75,0,0,75,0
06001404101,36,1,1125000,32,3
06059075605,98,1,1275000,91,6
06047000204,38,3,1195000,20,15
06037203710,8,0,0,7,1
06037224310,6,0,0,6,0
06001404102,10,0,0,9,1
06047000205,25,0,0,18,7
06053013000,21,0,0,21,0
06073021002,29,3,1075000,22,4
06019003104,39,0,0,28,11
06037228310,15,0,0,11,4
06059075606,88,0,0,88,0
06037401304,76,2,1560000,67,7
06059075607,53,0,0,53,0
06029000504,65,2,1030000,48,15
06013350000,84,0,0,84,0
06087101100,52,0,0,50,2
06029000505,73,3,1345000,50,20
06013354001,39,0,0,37,2
06033001000,52,1,525000,43,8
06037265100,43,0,0,42,1
06029000506,11,0,0,10,1
06073011801,23,0,0,19,4
06045010700,40,1,285000,35,4
06013354002,103,1,1205000,102,0
06073011802,30,2,1040000,25,3
06081611000,41,1,805000,40,0
06029000507,79,3,1245000,51,25
06067001300,12,0,0,12,0
06037502700,72,2,1340000,58,12
06071002111,12,1,685000,11,0
06023011000,55,3,1155000,45,7
06037261102,69,0,0,69,0
06067005301,15,0,0,15,0
06029000508,45,2,990000,31,12
NA,2293,7,3685000,2152,134
06077002701,53,1,255000,38,14
06037431501,25,0,0,25,0
06031000100,25,4,2080000,17,4
06071002112,27,2,1180000,24,1
06075011001,22,0,0,22,0
06037571800,51,0,0,50,1
06029000509,89,5,2745000,68,16
06037261103,41,0,0,41,0
06037261104,41,0,0,41,0
06037575801,7,0,0,7,0
06037609900,13,0,0,13,0
06001438300,37,1,685000,35,1
06077002702,26,0,0,13,13
06037206051,21,0,0,20,1
06037276500,23,1,1205000,22,0
06001430300,52,1,805000,50,1
06077005310,43,2,1100000,36,5
06075011002,31,0,0,31,0
06037221120,4,0,0,3,1
06037431502,32,0,0,32,0
06083000101,43,0,0,43,0
06037206010,4,0,0,4,0
06037206052,9,0,0,9,0
06037575802,17,0,0,17,0
06081601800,51,0,0,46,5
06083000102,28,0,0,25,3
06085510100,41,0,0,41,0
06081605800,40,1,3985000,39,0
06077005311,16,0,0,10,6
06037218800,13,0,0,11,2
06037575803,18,2,940000,15,1
06101050601,84,7,3015000,64,13
06083000103,40,1,1995000,38,1
06037206053,6,1,635000,5,0
06037214800,24,0,0,23,1
06077005312,38,0,0,37,1
06071010903,119,4,2440000,111,4
06037206054,5,0,0,4,1
06061020901,35,1,285000,27,7
06075026401,21,0,0,21,0
06073014101,56,5,3225000,38,13
06073018101,61,1,1105000,59,1
06071010904,101,3,1155000,91,7
06073018102,25,0,0,23,2
06073014102,46,9,6445000,29,8
06101050603,68,5,2375000,60,3
06075026402,26,0,0,26,0
06071010905,108,1,435000,102,5
06037211921,1,0,0,1,0
06037542103,19,1,445000,11,7
06075026403,12,0,0,12,0
06111007505,51,1,565000,47,3
06101050604,57,5,1905000,44,8
06037291300,33,1,755000,29,3
06071010906,52,3,1065000,43,6
06073010103,44,9,6055000,32,3
06037211922,3,0,0,3,0
06075026404,11,0,0,11,0
06037532900,19,0,0,16,3
06073010104,51,11,8265000,36,4
06085500901,28,0,0,28,0
06077005001,79,0,0,67,12
06037542104,11,0,0,7,4
06073004900,21,1,715000,19,1
06111007506,125,0,0,116,9
06037620701,74,1,1575000,71,2
06085500902,6,0,0,6,0
06073000901,18,0,0,18,0
06059021802,108,1,485000,102,5
06037461700,28,1,835000,27,0
06073008901,71,7,3935000,57,7
06085504902,28,0,0,28,0
06037542105,18,0,0,15,3
06111007507,128,1,1325000,124,3
06085503510,30,0,0,29,1
06037542106,17,1,695000,10,6
06085504903,30,0,0,30,0
06073000902,15,1,925000,14,0
06081608100,35,0,0,32,3
06037553502,24,1,445000,20,3
06085503511,31,0,0,31,0
06009000400,62,3,785000,41,16
06111007508,56,3,2035000,49,4
06073010106,36,7,3505000,27,2
06075045201,21,0,0,21,0
06073008902,53,7,3805000,44,2
06037620703,59,1,1115000,57,1
06077005003,87,6,3920000,76,5
06073010107,32,5,3205000,24,3
06037620704,40,0,0,39,1
06075045202,14,0,0,13,1
06077005004,63,2,710000,52,9
06037553503,15,0,0,11,4
06019001800,28,0,0,23,5
06111007509,57,2,1640000,52,3
06037553504,24,1,515000,17,6
06061020908,133,5,2245000,108,20
06081604102,31,0,0,30,1
06037104701,10,0,0,7,3
06019004410,21,1,625000,17,3
06079011501,22,0,0,22,0
06081604103,13,0,0,12,1
06001423400,42,0,0,41,1
06037218220,21,0,0,20,1
06073010109,46,5,2945000,30,10
06081604104,17,0,0,17,0
06001402801,8,0,0,8,0
06037122420,24,0,0,20,4
06059021807,45,1,1105000,41,3
06067009800,19,1,455000,15,3
06019004411,18,1,495000,17,0
06037269601,9,0,0,9,0
06065030602,86,2,1330000,77,7
06037572301,18,1,535000,17,0
06001402802,8,0,0,8,0
06037269602,10,0,0,10,0
06007003501,44,3,1255000,25,15
06073007200,58,2,1730000,56,0
06065030603,57,1,345000,54,2
06037104703,8,0,0,8,0
06071010010,89,2,390000,61,26
06037535200,34,0,0,25,9
06037207901,9,0,0,9,0
06085504320,13,0,0,13,0
06007003502,34,2,550000,24,7
06037104704,29,1,455000,23,5
06025010600,126,14,5100000,77,32
06073008360,69,1,295000,63,5
06071010011,62,2,820000,29,31
06037602402,52,2,1500000,44,6
06037531201,18,0,0,13,5
06065030604,82,4,2780000,78,0
06059021809,51,0,0,49,2
06047001200,60,5,1535000,37,18
06061021401,111,7,4085000,83,20
06073008361,27,1,785000,25,1
06085504321,47,0,0,46,1
06037531202,14,0,0,10,4
06065030605,62,1,705000,61,0
06037207902,44,0,0,43,1
06037602403,18,0,0,17,1
06037650901,47,0,0,44,3
06071010012,91,6,2340000,48,37
06041101200,46,1,1015000,42,3
06099001200,64,1,545000,42,21
06085507203,36,0,0,36,0
06079011505,121,7,7285000,112,2
06019004100,14,0,0,13,1
06037406300,43,1,425000,41,1
06085504322,38,0,0,38,0
06037602404,20,0,0,18,2
06013355310,53,0,0,52,1
06019008100,54,2,650000,38,13
06073008362,53,1,725000,50,2
06001442200,141,0,0,139,2
06029001500,6,0,0,3,3
06073008363,18,1,645000,17,0
06013336201,32,0,0,30,2
06071010014,66,4,1420000,40,22
06085504323,23,0,0,23,0
06061021403,80,5,2415000,61,14
06085507205,92,0,0,92,0
06037650903,36,0,0,35,1
06037310501,14,0,0,14,0
06037650904,31,0,0,29,2
06001409100,25,1,635000,20,4
06085507206,34,0,0,34,0
06073008364,34,1,615000,33,0
06061021130,14,1,615000,12,1
06071010015,86,4,1820000,42,40
06073022000,18,2,1270000,12,4
06001405100,82,0,0,82,0
06057001210,107,1,525000,104,2
06013336202,13,0,0,11,2
06037226701,14,0,0,13,1
06073008365,32,0,0,31,1
06061021131,44,3,1615000,39,2
06073008324,102,3,4485000,98,1
06071010016,104,9,3275000,50,45
06057001211,48,1,695000,47,0
06085503207,28,0,0,28,0
06053014000,13,0,0,12,1
06037226702,7,0,0,5,2
06037208710,18,0,0,18,0
06085503208,21,0,0,19,2
06073008366,77,3,3745000,74,0
06037134901,40,0,0,39,1
06073008367,30,0,0,30,0
06073012800,34,2,1640000,27,5
06071010019,70,0,0,52,18
06071025100,32,0,0,29,3
06073008327,55,1,1655000,52,2
06073008368,57,3,3115000,53,1
06073008369,27,2,1180000,25,0
06037262100,54,1,1255000,53,0
06037104124,70,3,1885000,55,12
06045011700,33,2,980000,29,2
06073008328,137,1,1845000,135,1
06037134904,36,0,0,29,7
06053000800,15,0,0,13,2
06067006300,75,1,435000,53,21
06037134905,19,1,1475000,18,0
06071007110,56,4,1920000,43,9
06067002300,65,0,0,64,1
06037134906,1,0,0,1,0
06081612001,25,0,0,21,4
06075016000,22,0,0,22,0
06077003700,25,0,0,21,4
06037503701,58,3,2005000,52,3
06071007111,39,5,2295000,27,7
06029005508,131,27,7825000,59,44
06075012001,2,0,0,2,0
06037208401,4,0,0,3,1
06081612002,9,0,0,8,1
06071011900,40,5,1405000,23,12
06029005509,62,12,4210000,45,5
06071007112,19,1,295000,17,1
06037503702,77,2,1740000,68,7
06037432501,21,0,0,18,3
06031001100,67,23,8245000,20,24
06073016804,82,15,7885000,57,10
06075012002,18,0,0,18,0
06083001101,26,0,0,26,0
06037576801,21,0,0,20,1
06037432502,16,0,0,13,3
06111000500,13,0,0,12,1
06059032040,30,1,1545000,29,0
06001435300,37,0,0,37,0
06037208402,13,0,0,11,2
06089011209,41,1,365000,28,12
06081602800,42,1,1605000,41,0
06073016806,54,3,2005000,45,6
06065045110,93,4,1530000,75,14
06083001102,14,0,0,14,0
06037137202,31,0,0,29,2
06085511100,61,0,0,61,0
06037503704,44,1,615000,41,2
06081606800,39,0,0,38,1
06095250300,45,1,535000,32,12
06111008501,89,2,2170000,80,7
06059032041,33,1,1345000,32,0
06037576802,24,0,0,22,2
06037219800,9,0,0,8,1
06037543100,59,1,525000,38,20
06037503705,40,2,1630000,33,5
06111008502,41,0,0,38,3
06037702102,38,0,0,37,1
06037137203,39,0,0,37,2
06075060502,10,0,0,10,0
06059032042,115,1,1315000,111,3
06073015100,77,7,5035000,62,7
06073016807,134,20,14650000,102,12
06037311000,51,1,855000,48,2
06111004503,22,4,1990000,14,4
06037189702,50,0,0,47,3
06059032002,84,0,0,79,5
06013385200,22,0,0,20,2
06059032043,75,0,0,74,1
06071940100,1,0,0,1,0
06037189703,28,0,0,28,0
06111004504,35,2,1040000,28,4
06065042505,15,1,335000,10,4
06035040500,27,7,2095000,14,6
06073016809,106,9,6355000,85,12
06059032044,124,2,2490000,119,3
06059032003,76,1,975000,70,5
06111004505,6,0,0,6,0
06059032045,61,0,0,59,2
06037296300,73,2,1140000,68,3
06073019103,137,20,14180000,100,17
06037189704,33,1,1815000,31,1
06065045114,63,2,2140000,61,0
06085501901,21,0,0,21,0
06065045115,52,0,0,45,7
06073001900,45,3,3365000,38,4
06085509901,24,0,0,24,0
06085505901,64,0,0,63,1
06001450101,31,0,0,31,0
06059032046,115,2,2260000,112,1
06073005900,26,3,2485000,23,0
06065042507,77,2,1130000,47,28
06085501902,19,0,0,18,1
06111004507,2,0,0,1,1
06065045116,42,2,540000,40,0
06085509902,54,0,0,54,0
06085505902,26,0,0,25,1
06059110603,36,0,0,30,6
06065042508,45,2,970000,25,18
06085508510,63,0,0,62,1
06107004500,38,0,0,26,12
06075021600,69,0,0,65,4
06037462700,56,0,0,56,0
06001450102,294,1,1025000,293,0
06037234600,57,0,0,51,6
06059032047,129,7,3915000,109,13
06037533901,13,1,455000,10,2
06073019105,302,47,32595000,224,31
06111004508,13,0,0,12,1
06081609100,22,1,1405000,20,1
06107000501,26,0,0,22,4
06065045117,88,1,235000,83,4
06065042509,33,2,1020000,17,14
06037533902,6,0,0,4,2
06059032048,100,0,0,95,5
06059110604,118,2,1450000,114,2
06019002800,25,0,0,17,8
06073019107,29,0,0,25,4
06107000502,16,0,0,9,7
06059110605,52,2,1850000,50,0
06037212610,19,0,0,19,0
06065045118,31,1,495000,30,0
06059099902,38,1,455000,33,4
06059032049,145,3,2395000,134,8
06059110606,26,1,605000,23,2
06065045119,49,1,565000,40,8
06073019108,15,0,0,10,5
06059099903,35,1,795000,34,0
06097152501,61,1,475000,54,6
06037109700,65,1,395000,60,4
06059110607,30,0,0,29,1
06001407800,34,0,0,32,2
06037573300,25,0,0,20,5
06001428400,34,0,0,34,0
06059099904,26,0,0,26,0
06065031601,36,2,950000,26,8
06019005410,38,3,1005000,24,11
06001403800,35,0,0,34,1
06097152502,43,0,0,39,4
06073019109,81,16,11610000,54,11
06037577300,41,2,2640000,39,0
06037481500,26,0,0,26,0
06059099905,13,0,0,11,2
06065031602,51,1,695000,33,17
06037603400,42,0,0,39,3
06037123420,34,0,0,33,1
06075061000,35,0,0,33,2
06079012502,62,1,605000,56,5
06053012700,24,0,0,23,1
06007000501,39,1,645000,37,1
06073002710,30,3,1515000,24,3
06079012503,59,1,545000,54,4
06029002811,74,4,1500000,67,3
06037300100,95,0,0,94,1
06059099906,78,1,925000,72,5
06025011600,32,3,1055000,19,10
06073002711,19,1,725000,17,1
06007000502,19,0,0,19,0
06111001002,97,5,5115000,88,4
06037536201,25,1,615000,20,4
06061022400,62,0,0,60,2
06085508203,56,0,0,56,0
06087100801,24,0,0,23,1
06029002813,62,5,1755000,43,14
06037536202,30,0,0,24,6
06099002200,47,0,0,32,15
06079012505,85,2,1060000,74,9
06073002712,54,10,4030000,37,7
06001443200,34,0,0,32,2
06019005100,60,1,355000,41,18
06085508204,34,0,0,34,0
06047002201,46,2,780000,30,14
06029002814,48,3,965000,31,14
06087100802,23,0,0,23,0
06073020705,69,4,3000000,59,6
06065050401,97,15,9685000,72,10
06037141101,35,0,0,35,0
06037212303,1,0,0,1,0
06037197600,5,0,0,5,0
06081610700,30,0,0,27,3
06115040400,72,7,2955000,43,22
06037141102,38,0,0,38,0
06073020706,97,2,1720000,87,8
06029002815,55,1,325000,37,17
06071001810,30,1,585000,23,6
06085508205,34,0,0,33,1
06029006500,34,7,1815000,12,14
06041102202,93,1,1595000,87,5
06033000702,53,3,925000,32,18
06065050402,64,12,7110000,38,14
06037212304,1,0,0,1,0
06029002501,21,0,0,14,7
06033000703,27,1,355000,20,6
06073020707,46,9,5355000,33,4
06037920110,43,1,825000,41,1
06047002203,67,1,455000,50,16
06001406100,26,1,865000,21,4
06029002816,75,3,825000,48,24
06041102203,60,1,485000,58,1
06085508206,51,0,0,51,0
06089012200,77,6,2090000,54,15
06029002502,1,0,0,1,0
06075010701,2,0,0,2,0
06037212305,5,0,0,5,0
06085505010,40,1,735000,38,1
06073002401,29,4,2930000,24,1
06037551001,47,2,1640000,36,9
06037920111,51,1,655000,40,10
06023010701,40,3,1345000,33,4
06047002204,66,4,1410000,43,19
06033000704,23,0,0,16,6
06037131900,60,0,0,56,4
06037555001,48,1,715000,38,9
06029002817,61,2,560000,46,13
06071001812,14,0,0,13,1
06073020708,68,4,2120000,57,7
06037212306,4,0,0,4,0
06075010702,7,0,0,7,0
06071001813,13,0,0,11,2
06029002503,18,0,0,16,2
06023010702,28,1,425000,26,1
06037551002,34,0,0,33,1
06037555002,31,1,845000,26,4
06085505011,18,0,0,18,0
06037920112,64,2,1730000,56,6
06073002402,19,1,415000,15,3
06029002818,60,2,900000,41,17
06083002410,33,0,0,31,2
06037700801,38,0,0,38,0
06029002819,55,3,1225000,36,16
06065043810,116,8,3370000,85,23
06053011001,55,2,2310000,52,1
06037101122,81,0,0,79,2
06053011002,23,1,1115000,21,1
06037700802,30,0,0,30,0
06013356001,41,2,1520000,37,2
06037920114,70,1,625000,64,5
06037541801,29,2,1200000,21,6
06071001501,24,0,0,16,8
06043000400,7,0,0,7,0
06085505014,17,0,0,17,0
06073017801,103,4,5640000,96,3
06037920115,63,3,1845000,55,5
06073013801,88,19,11715000,60,9
06013356002,75,0,0,66,9
06065043812,231,31,10735000,164,36
06085505015,11,0,0,11,0
06073013802,27,7,3725000,17,3
06065043813,51,2,630000,24,25
06037267101,27,0,0,27,0
06037541802,23,0,0,15,8
06067003300,85,6,3190000,76,3
06081613000,48,0,0,48,0
06037920116,79,2,1160000,62,15
06037500700,68,2,1040000,54,12
06059052421,116,0,0,116,0
06055201101,34,1,825000,31,2
06017030710,117,6,4680000,109,2
06077000700,25,0,0,17,8
06053001801,25,1,555000,17,7
06037267102,36,0,0,36,0
06071000111,50,1,465000,48,1
06075017000,66,0,0,66,0
06037241110,6,0,0,4,2
06055201102,16,0,0,15,1
06071001503,15,0,0,12,3
06059052422,333,3,3535000,326,4
06067007301,66,7,2595000,39,20
06017030711,133,5,2355000,121,7
06053001802,24,2,1100000,20,2
06071001504,20,1,265000,15,4
06037209401,4,0,0,4,0
06017030712,86,5,4415000,78,3
06037920118,109,3,2535000,96,10
06037201401,30,1,735000,27,2
06059052423,60,0,0,58,2
06077004701,43,3,1145000,33,7
06037209402,5,0,0,5,0
06037201402,35,2,1480000,30,3
06083002101,30,1,425000,26,3
06111009500,37,1,805000,34,2
06059052424,58,1,375000,53,4
06037703100,85,1,1255000,77,7
06037920119,112,5,4395000,99,8
06037209403,1,0,0,1,0
06083002102,21,0,0,19,2
06077004703,35,1,665000,31,3
06001436301,47,1,415000,43,3
06081607800,45,0,0,45,0
06037910601,78,0,0,59,19
06059052425,102,2,1730000,92,8
06095251300,64,3,1845000,53,8
06001436302,17,0,0,12,5
06065043503,39,3,1275000,26,10
06081603801,34,1,345000,33,0
06077004704,48,3,1935000,41,4
06037216800,26,0,0,26,0
06083002103,31,0,0,28,3
06037910602,24,0,0,21,3
06071000115,106,1,945000,102,3
06073016100,88,5,4085000,77,6
06111005502,33,6,4000000,24,3
06065043818,63,3,1395000,43,16
06065043270,102,18,10940000,68,16
06037183820,6,0,0,4,2
06081603802,52,0,0,51,1
06111005503,36,2,1520000,31,3
06029003001,47,1,255000,29,17
06059052427,66,1,425000,62,3
06065043271,109,16,10150000,75,18
06037540101,45,1,735000,39,5
06073017808,104,1,1205000,101,2
06029003002,12,0,0,8,4
06017030402,46,0,0,40,6
06059052428,141,1,915000,138,2
06111005504,54,3,2355000,47,4
06037540102,46,0,0,33,13
06041110100,74,0,0,72,2
06065043505,92,17,4285000,50,25
06065043272,151,3,4085000,141,7
06073017809,32,2,2830000,29,1
06071000117,74,1,965000,72,1
06041114100,80,1,675000,78,1
06097153810,40,1,655000,36,3
06059052429,53,1,1135000,52,0
06037910605,57,0,0,41,16
06071000118,60,2,2410000,57,1
06017030403,42,2,2770000,40,0
06037297300,20,0,0,19,1
06097153811,89,4,2480000,82,3
06065043506,182,21,9245000,95,66
06085506900,114,0,0,113,1
06037534900,15,0,0,9,6
06071000119,23,1,635000,21,1
06085502901,59,0,0,58,1
06065043274,32,2,2040000,28,2
06037910606,34,1,485000,16,17
06037293301,43,1,915000,36,6
06073006900,80,5,6845000,75,0
06017030404,33,0,0,30,3
06113010610,15,0,0,15,0
06021010300,27,0,0,24,2
06037530901,13,0,0,12,1
06037463700,43,0,0,43,0
06037910607,53,2,790000,32,19
06085502902,117,0,0,112,5
06037293302,60,1,665000,51,8
06001451102,62,0,0,62,0
06075022600,53,1,895000,52,0
06037231601,12,0,0,11,1
06037910608,28,0,0,18,10
06037239601,11,0,0,6,5
06037530902,19,0,0,16,3
06085502903,69,0,0,68,1
06107001501,55,5,2075000,38,11
06001451103,16,0,0,16,0
06037275311,60,0,0,59,1
06113010611,15,0,0,15,0
06065043276,73,7,4595000,58,8
06065043235,351,57,33275000,270,24
06037183510,29,0,0,28,1
06065043509,241,37,17785000,78,126
06037231602,17,0,0,14,3
06107001502,57,5,2295000,41,9
06037239602,16,0,0,11,5
06037293304,33,0,0,31,2
06037501200,56,1,325000,46,9
06037143801,48,0,0,47,1
06001451104,101,1,685000,100,0
06037275312,35,1,1045000,34,0
06047000901,25,0,0,21,4
06019007801,2,0,0,0,2
06037231603,6,0,0,3,3
06037275313,53,1,1005000,52,0
06077001200,68,2,870000,50,16
06097153501,50,0,0,46,4
06037143802,42,0,0,42,0
06065043278,131,22,12590000,100,9
06019007802,4,0,0,2,2
06037293306,23,0,0,22,1
06001408800,18,0,0,13,5
06001400800,50,1,1025000,48,1
06049000100,40,2,460000,29,7
06001404800,20,0,0,20,0
06019006410,29,5,1715000,16,8
06085502906,50,0,0,49,1
06089010900,54,4,1420000,37,13
06097153502,48,0,0,47,1
06047000903,42,2,640000,24,16
06037574300,94,0,0,89,5
06037434001,19,0,0,19,0
06037239330,16,1,515000,13,2
06059063201,38,0,0,37,1
06065043279,156,23,11085000,83,50
06037293307,10,0,0,10,0
06037800504,43,0,0,43,0
06111002000,32,1,1115000,31,0
06037600400,56,3,1645000,39,14
06047000904,60,0,0,45,15
06111006000,70,2,1700000,66,2
06007001500,82,1,805000,78,3
06059063202,33,0,0,32,1
06085502907,54,0,0,53,1
06019006411,46,5,1945000,35,6
06037434003,12,0,0,10,2
06053013700,16,2,1370000,12,2
06019003804,52,4,1430000,32,16
06037430003,65,1,315000,61,3
06037301100,76,0,0,75,1
06085502908,101,1,1085000,98,2
06059001501,75,0,0,74,1
06081600300,31,1,1135000,30,0
06023000300,56,3,1185000,42,11
06037434004,16,0,0,15,1
06019003805,49,4,1170000,31,14
06037482502,13,0,0,13,0
06061023400,100,9,4945000,79,12
06037570303,19,0,0,13,6
06037800506,56,0,0,55,1
06085502909,59,1,555000,58,0
06037430004,29,1,635000,26,2
06037482503,8,0,0,8,0
06037570304,21,1,695000,16,4
06059074601,42,0,0,36,6
06037430005,45,1,685000,43,1
06041103200,76,1,1235000,73,2
06059001503,54,1,915000,52,1
06001444200,74,0,0,71,3
06001440200,28,0,0,24,4
06065051401,68,6,3070000,56,6
06099003201,144,3,1485000,97,44
06059001504,40,1,1035000,35,4
06059074602,34,0,0,32,2
06037570305,7,1,435000,5,1
06019003807,18,2,480000,15,1
06057000601,5,1,605000,4,0
06019006101,54,1,405000,33,20
06019003808,39,2,600000,32,5
06037570306,20,0,0,19,1
06081611700,35,0,0,34,1
06059001505,109,1,835000,101,7
06065051402,115,10,4380000,95,10
06075011700,2,0,0,2,0
06019006102,34,1,225000,25,8
06019003809,54,4,1390000,41,9
06059001506,45,1,295000,40,4
06057000602,46,3,1055000,38,4
06099003203,79,4,1750000,63,12
06037900510,60,0,0,36,24
06037191720,11,0,0,10,1
06037132900,45,0,0,44,1
06059001507,52,1,525000,50,1
06031000800,50,6,1950000,29,15
06037464200,51,0,0,50,1
06037552001,29,0,0,23,6
06037460200,72,2,2120000,68,2
06075015701,14,0,0,14,0
06013390100,42,0,0,42,0
06099003204,25,0,0,20,5
06073003401,82,6,3180000,72,4
06087120600,66,1,555000,59,6
06037224702,1,0,0,1,0
06037221820,7,1,315000,6,0
06075015702,21,0,0,21,0
06037552002,16,0,0,12,4
06053012000,37,0,0,36,1
06083000801,20,0,0,19,1
06037601211,10,0,0,9,1
06099003205,46,0,0,35,11
06037601212,15,1,965000,12,2
06037701801,29,0,0,29,0
06013357000,55,1,795000,48,6
06099003206,75,2,1050000,63,10
06073003403,43,5,3665000,29,9
06037402501,16,1,545000,10,5
06073010800,28,1,755000,27,0
06073003404,29,2,1320000,18,9
06085510801,63,0,0,63,0
06013353001,80,1,1605000,79,0
06037542800,46,1,685000,31,14
06037701802,17,0,0,17,0
06071006501,9,0,0,7,2
06085510802,21,0,0,21,0
06071002501,41,0,0,33,8
06001401300,12,0,0,12,0
06075030500,38,0,0,38,0
06065040812,59,2,1400000,53,4
06073018801,75,11,8985000,59,5
06095252610,62,5,2285000,42,15
06037103201,45,1,585000,44,0
06013353002,75,0,0,75,0
06037402503,13,0,0,9,4
06083000805,8,0,0,8,0
06037191410,8,0,0,8,0
06037103202,29,0,0,27,2
06071006502,17,1,395000,11,5
06085510803,14,0,0,14,0
06065040813,110,0,0,103,7
06095252611,29,1,445000,22,6
06071002503,20,0,0,12,8
06073014803,34,1,785000,32,1
06083000806,22,1,1195000,21,0
06037264102,38,0,0,38,0
06065040814,41,1,625000,34,6
06037402504,15,0,0,11,4
06073018803,125,11,6635000,111,3
06071002504,15,0,0,11,4
06059075100,51,0,0,48,3
06073018804,122,7,7785000,108,7
06065040815,47,3,2055000,34,10
06037139200,66,0,0,63,3
06037264103,32,0,0,32,0
06073014804,87,7,4695000,73,7
06065040816,42,1,415000,41,0
06001437300,23,0,0,22,1
06037294610,13,0,0,13,0
06037670001,36,1,805000,33,2
06065040501,81,1,715000,71,9
06073014805,69,5,3175000,60,4
06073018805,94,8,5240000,82,4
06081604800,19,0,0,19,0
06037670002,18,0,0,14,4
06065040502,28,0,0,22,6
06081608800,72,1,2665000,71,0
06083003102,39,0,0,29,10
06073014806,21,4,2610000,14,3
06103000201,87,11,3845000,55,21
06065040503,17,0,0,14,3
06037670003,58,0,0,54,4
06103000202,69,6,2510000,47,15
06029004001,139,12,5380000,73,54
06013314102,62,1,365000,45,16
06065044505,70,5,1555000,43,22
06029004002,63,0,0,36,26
06059086501,53,0,0,49,4
06013314103,32,0,0,24,8
06041119100,65,1,595000,64,0
06059086502,23,1,465000,17,5
06037930400,14,1,965000,12,1
06037273700,52,0,0,52,0
06037294301,22,0,0,13,9
06013314105,47,0,0,42,5
06065044507,94,8,2330000,54,32
06095252305,73,2,1220000,64,7
06071009119,178,9,4425000,102,66
06037294302,19,0,0,13,6
06037531901,33,0,0,25,8
06037535901,32,0,0,26,6
06107002500,16,1,445000,9,5
06085503902,39,1,985000,36,2
06013314106,26,1,475000,23,2
06059021920,122,1,615000,117,4
06095252306,69,1,195000,60,8
06085507903,35,0,0,35,0
06037232601,13,0,0,9,4
06065044509,59,1,475000,36,20
06085503903,22,0,0,22,0
06037531902,23,1,435000,17,5
06099001900,85,5,1855000,57,23
06059021921,62,1,1525000,61,0
06037535902,35,0,0,29,6
06045010200,21,2,1080000,15,4
06085507904,29,0,0,29,0
06037232602,30,1,735000,19,10
06037502200,66,1,555000,55,10
06047001901,25,0,0,20,5
06061020710,70,2,1210000,64,4
06059021922,68,1,645000,59,8
06001442900,75,0,0,75,0
06077005122,162,8,4890000,128,26
06019004801,34,1,345000,25,8
06047001902,20,0,0,10,9
06059021923,112,2,1380000,101,9
06085507905,53,0,0,52,1
06097150501,46,1,1855000,43,2
06077005123,117,4,2090000,87,26
06061020711,33,3,1665000,29,1
06077002201,23,0,0,16,7
06073007905,20,1,825000,19,0
06019004802,41,0,0,26,15
06001405800,27,0,0,22,5
06037575300,14,0,0,12,2
06061020712,47,0,0,37,10
06001409800,56,2,1340000,46,8
06037550700,94,2,1850000,85,7
06085507906,42,0,0,41,1
06037571300,91,3,2735000,82,6
06097150502,22,0,0,21,1
06077005124,33,2,720000,26,5
06059021924,52,1,1205000,49,2
06089011900,73,3,1545000,66,4
06099000511,62,3,1105000,50,9
06077005125,17,0,0,14,3
06111007000,23,2,1400000,17,4
06007002500,54,4,1140000,31,19
06037276000,95,0,0,95,0
06037291110,26,1,1975000,21,4
06061020713,35,1,385000,31,3
06037431002,44,1,1385000,39,4
06077002202,34,2,640000,24,8
06099000512,36,2,1040000,31,3
06013307201,26,1,565000,20,5
06077005126,44,1,445000,33,10
06081605300,53,0,0,53,0
06053014700,48,2,1550000,46,0
06061020714,60,2,1390000,54,4
06093001001,15,0,0,14,1
06099000513,58,2,1120000,42,14
06037104821,13,0,0,10,3
06037431003,24,0,0,24,0
06073007907,18,0,0,18,0
06061020715,38,1,545000,35,2
06037188201,28,0,0,27,1
06037104822,10,0,0,10,0
06023001300,14,0,0,9,5
06073007908,20,0,0,20,0
06037218300,48,0,0,47,1
06093001002,30,1,495000,29,0
06079010504,52,1,1265000,50,1
06081601301,9,0,0,8,1
06013303202,144,4,2950000,127,13
06101050101,64,9,3525000,44,11
06099000514,43,1,365000,30,12
06037431004,31,0,0,30,1
06013307202,53,5,1555000,44,4
06077005127,73,5,2505000,52,16
06061020401,21,1,485000,18,2
06079010505,32,1,545000,30,1
06037104823,14,0,0,13,1
06037188202,28,0,0,28,0
06085503321,27,0,0,26,1
06101050102,51,5,1755000,29,17
06053010702,54,0,0,54,0
06093001003,68,2,810000,66,0
06081601302,14,0,0,14,0
06065941200,154,1,1395000,150,3
06041104200,88,3,3035000,83,2
06037211420,16,0,0,16,0
06061020402,54,0,0,49,5
06077005129,69,0,0,54,15
06013303204,71,0,0,63,8
06013307204,53,5,2915000,33,14
06037104824,16,0,0,15,1
06001420600,31,0,0,31,0
06041108201,19,0,0,19,0
06061020717,69,2,1720000,65,2
06099000201,85,4,1660000,59,22
06085503322,32,0,0,30,2
06079010506,25,0,0,25,0
06085500400,24,0,0,23,1
06037195600,20,0,0,20,0
06081612700,31,0,0,29,2
06013307205,61,4,1700000,44,13
06085503323,56,0,0,55,1
06099000202,131,6,3140000,103,22
06041108202,44,0,0,42,2
06037620201,7,0,0,7,0
06085503324,24,0,0,24,0
06067009650,46,2,830000,41,3
06037262802,57,0,0,57,0
06075016700,37,0,0,37,0
06037553000,49,0,0,38,11
06075012700,27,0,0,27,0
06013303206,74,2,1600000,68,4
06073000400,43,4,1980000,37,2
06073004400,40,3,3265000,37,0
06055200802,68,2,830000,61,5
06083001800,13,0,0,7,5
06099000204,81,5,2505000,60,16
06085503325,23,0,0,23,0
06067009610,79,4,1960000,59,16
06037461200,56,0,0,52,4
06067009651,66,4,2500000,61,1
06055200803,33,1,1145000,32,0
06013303207,341,10,7090000,289,41
06067009611,39,2,1360000,32,5
06099000205,44,6,2440000,30,8
06041123000,30,0,0,30,0
06067009652,494,18,11640000,437,39
06013303208,67,4,2430000,57,6
06085503326,44,0,0,44,0
06055200804,37,0,0,35,2
06087121601,35,0,0,34,1
06087121602,28,0,0,28,0
06067009653,16,0,0,14,2
06037403500,16,0,0,15,1
06037702801,37,0,0,34,3
06037207711,41,0,0,40,1
06067009612,77,2,1090000,66,9
06065041810,79,1,885000,75,3
06085511800,75,3,2765000,70,2
06013303209,130,4,2940000,121,5
06013358000,60,3,2105000,54,3
06085503327,43,0,0,42,1
06037207712,9,0,0,9,0
06019001301,24,0,0,18,6
06037702802,23,0,0,22,1
06037407501,16,0,0,13,3
06037311700,82,2,2230000,76,4
06037407502,16,0,0,14,2
06065030101,13,1,515000,8,4
06037269100,33,0,0,33,0
06073015801,11,2,1120000,8,1
06067009614,91,3,1365000,81,7
06037702803,14,0,0,14,0
06085503329,29,0,0,29,0
06013355120,54,2,1130000,44,8
06037104201,28,0,0,21,7
06037240500,29,0,0,20,9
06079011001,53,2,1540000,51,0
06065041812,35,3,2365000,31,1
06037543801,36,0,0,28,8
06019001303,9,1,305000,8,0
06065041813,53,3,2305000,41,9
06013355121,77,0,0,75,2
06079011002,27,1,385000,25,1
06037192410,36,0,0,35,1
06073015802,19,4,2400000,14,1
06007003001,31,2,480000,21,8
06071003503,58,2,1110000,40,16
06037543803,36,1,595000,28,7
06019001304,16,1,315000,12,3
06073019803,63,7,6115000,54,2
06065030103,22,0,0,18,4
06069000400,47,1,675000,30,16
06013355122,78,0,0,78,0
06037104203,31,1,305000,23,7
06067009616,85,5,2745000,72,8
06007003002,47,1,225000,28,18
06013355123,20,0,0,20,0
06037104204,14,0,0,10,4
06065041500,16,1,585000,13,2
06037543804,19,0,0,15,4
06067009617,60,1,575000,55,4
06065030104,102,4,2480000,76,22
06037134710,17,0,0,14,3
06073019804,82,2,2310000,78,2
06067009618,64,2,900000,51,11
06065045501,43,1,485000,26,16
06071003505,46,1,355000,32,13
06065049501,24,1,405000,18,5
06073019805,52,2,1020000,47,3
06013355124,40,0,0,40,0
06037650401,53,1,1005000,50,2
06095253300,7,0,0,7,0
06025010102,12,0,0,7,5
06059076102,16,0,0,14,2
06065049502,17,0,0,13,4
06013355125,38,0,0,38,0
06071003506,46,2,810000,30,14
06065045502,21,0,0,17,4
06081609800,60,0,0,57,3
06071980200,2,0,0,2,0
06059076103,32,0,0,29,3
06013355126,57,0,0,57,0
06071003507,45,3,1645000,27,15
06065042621,103,7,3175000,72,24
06073016610,86,17,10025000,58,11
06059076104,2,0,0,2,0
06037222200,13,1,1295000,11,1
06087110700,29,0,0,24,5
06029001001,47,3,1125000,35,9
06059062900,32,0,0,32,0
06075013200,39,0,0,39,0
06065042622,93,7,4005000,55,31
06073019808,86,3,2535000,77,6
06059076105,44,1,715000,38,5
06065042623,60,2,910000,39,19
06071003509,37,2,830000,26,9
06029001002,24,1,215000,12,11
06067009307,70,2,1100000,58,10
06041112100,54,2,3660000,49,3
06073019809,66,7,3845000,59,0
06029005003,19,1,225000,10,8
06067009308,69,2,1050000,59,8
06037901209,30,0,0,20,10
06029001003,33,3,955000,23,7
06065042624,90,8,4300000,61,21
06085508900,32,0,0,32,0
06073016613,36,3,2005000,30,3
06073016614,82,8,6100000,66,8
06027000100,26,0,0,22,4
06001432501,27,0,0,23,4
06067009309,42,4,1980000,35,3
06037300800,85,0,0,85,0
06065045233,51,1,245000,47,3
06059087503,49,1,565000,46,2
06065042625,157,11,6955000,106,40
06059087504,9,0,0,7,2
06001432502,27,0,0,27,0
06065045234,75,0,0,67,8
06073016615,63,11,8025000,48,3
06029005005,20,0,0,12,8
06065042626,116,7,3285000,74,35
06037237600,22,1,555000,16,5
06059062630,15,0,0,14,1
06059087505,25,0,0,23,2
06029005006,25,1,325000,15,9
06065042627,54,1,605000,34,19
06107003501,24,1,285000,15,8
06065045235,55,1,465000,48,6
06059062631,38,0,0,38,0
06075020601,16,0,0,16,0
06045011200,14,0,0,13,1
06073016616,55,6,4060000,46,3
06073012302,11,1,615000,6,4
06065042628,36,0,0,22,14
06059062632,54,0,0,53,1
06075020602,24,0,0,24,0
06099002901,32,1,615000,28,3
06053000300,30,0,0,25,5
06073016617,47,10,5540000,30,7
06019005801,70,4,1280000,49,17
06037503201,59,1,825000,50,8
06065042629,62,4,1920000,32,26
06085512030,41,1,1065000,38,2
06073012303,36,2,1810000,31,3
06107003503,63,5,1515000,40,18
06073016618,76,8,5040000,62,6
06059062633,99,0,0,97,2
06037432001,15,0,0,13,2
06085512305,56,0,0,55,1
06073016619,55,5,2965000,47,3
06107003504,54,4,1290000,35,15
06019005802,62,3,1325000,54,5
06037551700,60,0,0,48,12
06037503202,43,0,0,35,8
06085512031,42,0,0,42,0
06001406800,63,0,0,60,3
06099002903,72,1,565000,59,12
06059062634,81,2,1940000,78,1
06073012304,42,1,1035000,37,4
06099002904,68,7,4275000,52,9
06085512032,69,1,1035000,68,0
06037576301,20,0,0,19,1
06001410200,47,1,615000,43,3
06037480500,56,0,0,56,0
06111004000,33,1,685000,29,3
06097151503,42,1,965000,40,1
06037277000,103,0,0,102,1
06059062635,76,1,625000,70,5
06037432002,33,0,0,33,0
06037576302,4,0,0,4,0
06101051100,21,1,425000,17,3
06077003203,36,3,1325000,26,7
06081602300,24,2,2090000,20,2
06059062636,32,0,0,31,1
06085512307,95,2,2100000,91,2
06081606300,25,0,0,24,1
06019005804,85,5,1685000,62,18
06111008001,46,2,1570000,35,9
06097151504,61,4,2990000,51,6
06053011700,50,1,915000,49,0
06085512034,40,2,1280000,37,1
06037219300,38,1,1505000,35,2
06037189201,16,0,0,16,0
06019005805,448,18,7480000,313,117
06065042003,129,2,1380000,124,3
06097151505,27,0,0,26,1
06111008002,50,2,1290000,41,7
06059062637,44,1,885000,42,1
06085512308,146,2,2770000,142,2
06077003205,55,4,1750000,34,17
06037189202,43,0,0,41,2
06059062638,57,0,0,54,3
06085512035,55,1,825000,52,2
06037185202,49,0,0,49,0
06065042004,59,2,1420000,51,6
06097151506,76,0,0,65,11
06085512309,61,1,1085000,54,6
06071011404,132,6,2040000,107,18
06085512036,39,0,0,39,0
06037212420,9,0,0,9,0
06037185203,20,0,0,18,2
06055201800,39,1,565000,33,4
06037267800,43,0,0,43,0
06065042005,91,7,4375000,78,6
06111008004,74,1,755000,63,10
06071011405,125,4,1950000,110,11
06001421600,36,0,0,36,0
06059062639,108,3,2095000,102,3
06085512037,51,1,1575000,50,0
06037185204,27,0,0,26,1
06013323000,61,0,0,59,2
06071011406,82,4,1490000,65,12
06111008005,43,0,0,37,6
06085501401,17,0,0,17,0
06085512038,20,0,0,20,0
06085505401,26,0,0,24,2
06081613701,54,0,0,54,0
06037621201,72,0,0,71,1
06065042007,218,8,5380000,187,23
06085509401,15,0,0,15,0
06075017700,19,0,0,19,0
06073001400,39,1,645000,36,2
06071011407,86,2,560000,69,15
06059110102,70,1,1085000,69,0
06085505402,32,0,0,32,0
06037554001,30,1,675000,23,6
06001443321,31,0,0,31,0
06081613702,29,0,0,28,1
06065042008,199,8,6150000,176,15
06071000812,77,2,1100000,69,6
06075021100,39,0,0,38,1
06071011408,90,6,2000000,75,9
06037533401,16,1,885000,14,1
06077003209,59,4,1800000,37,18
06085501402,13,0,0,13,0
06085512039,58,0,0,57,1
06073005401,52,3,2025000,47,2
06037533402,15,0,0,12,3
06037462201,7,0,0,7,0
06071000813,49,1,675000,46,2
06065042009,86,5,3445000,75,6
06059110104,57,2,1580000,52,3
06001443322,26,0,0,26,0
06085505403,47,0,0,47,0
06037554002,23,1,655000,20,2
06085509403,9,0,0,9,0
06073005402,95,4,3160000,88,3
06097152000,5,0,0,4,1
06037533403,5,1,645000,4,0
06059099402,23,0,0,23,0
06085509404,36,0,0,36,0
06037621204,35,2,1570000,33,0
06073005403,57,8,6930000,48,1
06019002300,44,3,965000,30,11
06083002802,89,12,6690000,57,20
06041120001,10,0,0,10,0
06037462202,12,0,0,12,0
06071000814,79,2,1980000,74,3
06037404501,6,0,0,5,1
06037400501,31,0,0,30,1
06065031100,62,5,2775000,47,10
06041120002,72,0,0,72,0
06071000815,86,2,1990000,82,2
06037109200,50,0,0,47,3
06037540800,59,1,305000,44,14
06059110106,55,0,0,52,3
06001407300,8,0,0,5,3
06071000816,64,1,1275000,61,2
06079012001,36,0,0,36,0
06071000501,61,4,2880000,47,10
06071008501,63,3,2525000,58,2
06059099404,57,2,2360000,55,0
06059011710,71,0,0,69,2
06059011711,29,0,0,26,3
06001403301,4,0,0,4,0
06079012002,41,4,2460000,35,2
06037408503,65,0,0,63,2
06037197410,44,0,0,41,3
06059099405,42,0,0,40,2
06071008502,71,3,3345000,67,1
06037404503,25,0,0,21,4
06059110108,38,0,0,38,0
06071000817,57,1,665000,51,5
06001403302,10,0,0,10,0
06083002806,29,2,1060000,24,3
06073020202,39,8,4190000,28,3
06037408504,34,0,0,31,3
06071000818,86,6,4220000,78,2
06059011712,45,3,2345000,39,3
06059099406,51,0,0,48,3
06037481001,17,0,0,15,2
06071004503,97,2,1690000,83,12
06059110109,50,0,0,47,3
06037404504,19,0,0,17,2
06071000503,35,1,625000,29,5
06059099407,32,1,1295000,31,0
06037408505,26,0,0,25,1
06025011100,13,2,420000,6,5
06071000819,75,2,1620000,68,5
06037481002,20,0,0,19,1
06071000504,65,0,0,63,2
06087100300,21,0,0,21,0
06059011714,1,0,0,1,0
06037209520,3,0,0,3,0
06037651401,24,0,0,23,1
06059099408,55,1,985000,51,3
06071004505,65,1,395000,40,24
06083002808,139,15,9115000,108,16
06067007422,23,2,780000,17,4
06059052502,66,1,995000,62,3
06065046502,3,0,0,3,0
06083002809,63,4,2720000,54,5
06059011715,101,0,0,99,2
06037651402,65,3,4595000,58,4
06071001310,63,4,2290000,46,13
06059011401,20,0,0,20,0
06075047902,32,0,0,31,1
06059011716,65,1,955000,63,1
06073020206,37,5,3305000,26,6
06037501900,57,0,0,49,8
06037910720,51,3,1185000,34,14
06067007423,44,2,630000,41,1
06071004507,51,2,880000,35,14
06081610201,10,0,0,10,0
06067000501,9,1,755000,8,0
06067004501,21,0,0,17,4
06023010200,23,0,0,21,2
06029002001,27,0,0,19,8
06071001311,34,1,755000,28,5
06077001900,40,0,0,26,14
06059011402,45,0,0,43,2
06075047903,30,0,0,30,0
06067007424,47,2,760000,30,15
06037910721,55,3,1805000,33,19
06073020207,35,13,5305000,20,2
06059011717,36,1,605000,31,4
06013389200,9,0,0,8,1
06081610202,4,0,0,4,0
06075047904,22,0,0,22,0
06067000502,19,0,0,19,0
06073020208,25,4,2780000,17,4
06071004509,81,4,1600000,54,23
06067007110,69,3,1615000,50,16
06071001312,43,2,880000,34,7
06059011403,39,2,1570000,32,5
06059011718,53,2,1820000,50,1
06059052505,30,0,0,29,1
06075010201,20,0,0,20,0
06029002002,22,0,0,16,6
06059088501,35,0,0,35,0
06037430701,46,0,0,46,0
06067004502,18,2,800000,12,4
06037131400,45,0,0,41,4
06059088502,29,0,0,26,3
06067007111,57,3,1605000,47,7
06067007426,27,1,505000,21,5
06037700300,66,0,0,65,1
06073020209,31,3,1305000,23,5
06059052506,26,0,0,26,0
06029006003,117,22,8620000,69,24
06111002700,51,3,1285000,45,3
06081610203,6,0,0,6,0
06059063902,33,0,0,31,2
06075010202,23,0,0,23,0
06111006700,40,0,0,38,2
06001433500,42,0,0,40,2
06059063903,46,1,865000,42,3
06065043310,39,3,1155000,23,13
06029006004,32,6,1570000,18,8
06067007427,67,1,375000,55,11
06037271702,16,0,0,16,0
06067007428,60,5,1975000,46,9
06065043311,41,3,1235000,29,9
06059063904,50,0,0,49,1
06037301801,31,0,0,31,0
06075025600,36,2,1020000,32,2
06037541300,60,2,1290000,35,23
06037301802,18,0,0,18,0
06067007429,34,4,1570000,28,2
06073013301,85,3,1965000,72,10
06029006006,88,12,5420000,59,17
06037271703,14,0,0,14,0
06065940900,45,0,0,44,1
06029003124,60,5,1665000,40,15
06071001001,38,1,375000,27,10
06059063905,54,0,0,50,4
06037242000,25,1,545000,19,5
06017031601,21,0,0,20,1
06065043312,82,8,2890000,38,36
06053001300,6,1,505000,4,1
06037271704,17,0,0,17,0
06029003125,36,0,0,21,15
06059063906,41,1,555000,37,3
06071001002,22,1,555000,17,4
06065043313,49,3,1195000,29,17
06037231720,14,0,0,13,1
06017031602,25,0,0,24,1
06037504200,43,2,2220000,39,2
06073013302,52,5,3625000,36,11
06029003126,35,1,245000,23,11
06073013303,43,5,2945000,31,7
06073017070,41,1,1955000,40,0
06073017303,46,0,0,45,1
06065043314,70,11,4635000,27,32
06029003127,29,0,0,22,7
06019006802,9,0,0,6,3
06037552700,41,0,0,37,4
06065043315,36,4,1760000,21,11
06037500202,71,0,0,68,3
06029006009,106,7,3295000,91,8
06071012400,27,0,0,16,11
06065047000,22,1,495000,18,3
06059063908,48,2,1530000,44,2
06073017071,39,0,0,39,0
06059063909,1,0,0,1,0
06037117101,41,2,1270000,34,5
06029003128,44,0,0,26,18
06037297110,17,1,835000,15,1
06077004202,21,1,675000,18,2
06073017305,61,1,975000,58,2
06037460900,76,1,1505000,69,6
06065043316,85,20,7250000,36,29
06037113101,52,0,0,49,3
06037500203,66,2,1560000,63,1
06065043001,180,10,5400000,124,46
06073017031,76,6,5100000,70,0
06099003904,55,2,790000,39,14
06037117102,18,0,0,16,2
06073013306,55,5,3685000,39,11
06077004203,30,3,1325000,24,3
06073017306,42,0,0,40,2
06081607300,54,0,0,54,0
06037113102,50,0,0,48,2
06029003129,52,1,445000,36,15
06037278001,31,0,0,30,1
06099003905,69,2,950000,59,8
06037500204,25,1,1215000,24,0
06081603300,73,1,965000,70,2
06111005002,8,0,0,8,0
06037186201,21,0,0,19,2
06073013307,42,5,3625000,28,9
06065043003,57,5,2635000,29,23
06073017307,46,0,0,46,0
06099003906,36,3,1365000,29,4
06073017033,111,5,4535000,105,1
06077004204,26,0,0,20,6
06065043318,81,15,6515000,37,29
06037216301,18,0,0,17,1
06037124500,39,0,0,39,0
06073017034,49,1,605000,47,1
06065043319,117,13,5665000,51,53
06077004205,43,2,900000,24,17
06037186202,35,0,0,35,0
06073013308,39,5,2915000,26,8
06037128500,54,1,355000,53,0
06073017308,39,0,0,38,1
06099003907,107,3,1285000,91,13
06099003908,8,1,345000,5,2
06065043005,76,8,3440000,46,22
06037186203,41,0,0,38,3
06073017035,19,0,0,19,0
06077004206,35,2,690000,28,4
06037216302,31,0,0,29,2
06073013309,85,12,8380000,66,7
06111005004,92,9,5175000,79,4
06059089001,31,0,0,31,0
06013328000,9,0,0,9,0
06037601600,9,0,0,7,2
06065043006,48,4,1610000,32,12
06113011500,55,4,1970000,43,7
06111005005,22,0,0,20,2
06037106510,55,1,785000,53,1
06073017036,31,0,0,29,2
06037900901,32,4,1870000,17,11
06059063010,82,0,0,82,0
06085502400,112,0,0,112,0
06099003909,76,1,485000,53,22
06059089003,24,0,0,24,0
06111005006,18,1,505000,11,6
06013320001,51,1,765000,40,10
06037530400,15,0,0,15,0
06037900902,42,1,645000,31,10
06065043007,135,5,2845000,104,26
06085506401,44,0,0,44,0
06073017037,49,0,0,49,0
06037231100,2,0,0,2,0
06037463200,25,0,0,24,1
06085506402,47,0,0,47,0
06037302301,22,0,0,20,2
06059089004,32,1,235000,29,2
06037235100,81,0,0,68,13
06013324002,46,1,465000,40,5
06065043008,100,10,6000000,61,29
06037302302,11,0,0,10,1
06041129000,11,0,0,10,1
06013324003,7,0,0,7,0
06103000900,35,2,840000,30,3
06013302011,151,9,6305000,106,36
06037670701,90,0,0,87,3
06073017039,83,0,0,82,1
06013320003,55,0,0,51,4
06041125000,38,0,0,38,0
06065043009,122,7,4225000,81,34
06037534403,3,0,0,3,0
06019007300,15,1,415000,12,2
06013302012,93,3,1685000,71,19
06013324004,21,0,0,20,1
06037670702,87,1,1135000,86,0
06037143301,27,0,0,27,0
06047000401,7,1,315000,5,1
06013320004,120,4,2030000,108,8
06037405500,137,4,2890000,125,8
06037401500,62,0,0,61,1
06037980011,1,0,0,1,0
06079013000,15,1,755000,13,1
06013302013,57,3,1565000,47,6
06037534404,8,0,0,7,1
06037143302,38,0,0,38,0
06001441401,57,1,575000,53,3
06019003301,37,0,0,21,16
06097153001,51,1,705000,44,6
06013302014,130,4,2430000,111,15
06037221900,3,0,0,3,0
06037534405,9,0,0,8,1
06001441402,44,0,0,43,1
06097153002,69,1,245000,54,14
06029000701,44,2,680000,27,15
06071005501,19,0,0,10,9
06001404300,57,1,1045000,56,0
06019003302,51,1,325000,32,18
06001400300,46,0,0,45,1
06089010400,104,8,2850000,76,20
06001408300,79,0,0,74,5
06047000403,54,2,840000,46,6
06065044930,42,2,790000,30,10
06071009501,58,4,1050000,38,16
06071005502,35,2,990000,19,14
06029004702,14,0,0,7,5
06029000702,40,1,425000,29,10
06007001000,28,1,215000,21,6
06065044931,32,1,415000,24,7
06059075805,38,1,865000,33,4
06037534406,11,0,0,11,0
06071009502,40,1,265000,21,18
06107001005,40,0,0,34,6
06097153003,49,1,285000,45,3
06105000101,39,2,610000,30,7
06047000404,39,4,1790000,28,7
06029004703,35,0,0,28,7
06105000102,47,1,365000,39,7
06037482001,30,0,0,29,1
06053013200,58,2,2250000,53,3
06059075806,53,1,905000,51,1
06065044932,52,0,0,46,6
06107001006,92,11,4585000,69,12
06073021202,42,0,0,37,3
06065044933,20,0,0,17,3
06059075807,49,1,475000,44,4
06107001007,63,2,800000,57,4
06073003211,40,4,2760000,32,4
06037980015,96,5,6055000,86,5
06037482002,48,0,0,46,2
06029004704,35,1,385000,28,6
06097153005,80,2,1130000,69,9
06065044934,13,0,0,10,3
06107001008,85,6,2780000,70,9
06059075808,74,1,715000,68,5
06073021204,113,10,10420000,97,6
06025012101,5,0,0,4,1
06097153006,83,3,1435000,67,13
06073003212,46,4,3010000,34,8
06033001200,53,3,905000,38,12
06025012102,10,1,205000,8,1
06107001009,100,8,3550000,66,26
06059074102,34,0,0,30,4
06059075809,49,0,0,49,0
06073003213,34,5,3555000,25,4
06065040620,101,2,1520000,96,3
06045010900,26,1,525000,24,1
06073021205,94,11,5155000,70,13
06067001500,70,1,555000,68,1
06073003214,72,19,10975000,43,10
06065040621,50,0,0,48,2
06081611200,43,0,0,42,1
06071002310,167,10,5100000,138,19
06073021206,75,7,5095000,60,7
06059074103,38,0,0,37,1
06005000101,114,8,3200000,84,21
06037224200,4,0,0,3,1
06037190101,2,0,0,2,0
06037980019,3,0,0,3,0
06023011200,18,1,575000,17,0
06037194101,48,0,0,47,1
06037502901,59,1,565000,39,19
06005000102,48,6,2450000,32,9
06071002311,147,9,5155000,114,24
06013313102,45,1,455000,37,7
06075011200,16,0,0,16,0
06065040622,82,2,1350000,79,1
06057000102,161,16,7300000,118,27
06037203601,10,0,0,10,0
06037265303,5,0,0,5,0
06037190102,10,0,0,10,0
06067005502,53,3,1115000,38,12
06037431701,44,0,0,44,0
06041118100,39,0,0,39,0
06075015201,6,0,0,6,0
06073018612,71,13,8805000,53,5
06071002312,61,2,1190000,53,6
06037194102,62,0,0,62,0
06037203602,9,0,0,8,1
06037265304,3,0,0,3,0
06057000104,39,3,1905000,33,3
06111003700,33,0,0,31,2
06013313104,26,0,0,20,6
06071002313,68,1,485000,57,10
06083000301,7,0,0,7,0
06059074106,57,1,535000,49,7
06075015202,33,0,0,31,2
06001430500,78,1,855000,74,3
06067008111,101,3,1235000,71,27
06073018613,58,7,4885000,43,8
06111007700,92,2,1480000,82,8
06091010000,34,2,430000,26,6
06083000302,16,0,0,16,0
06101050800,45,3,1005000,35,6
06057000105,39,2,1340000,33,4
06085510300,50,0,0,50,0
06059074107,38,1,525000,33,4
06071002314,151,11,7125000,116,24
06013313105,44,2,1180000,32,10
06071002040,80,2,1240000,74,4
06059074108,16,0,0,16,0
06037265306,7,0,0,7,0
06073010300,43,7,6045000,34,2
06067005505,43,1,375000,35,7
06067008113,63,5,1975000,44,14
06071002315,77,2,1380000,64,11
06073014300,34,2,1350000,28,4
06071002041,77,2,2010000,74,1
06013313106,64,2,1500000,54,8
06037701302,35,0,0,34,1
06073018615,34,1,905000,32,1
06037402001,31,0,0,27,4
06057000106,43,1,535000,42,0
06059074109,17,1,875000,13,3
06037294421,21,0,0,18,3
06067005506,23,1,245000,21,1
06073018301,22,0,0,22,0
06037402002,52,0,0,45,7
06073018616,30,1,545000,25,4
06071002042,42,2,1880000,39,1
06057000107,126,5,2795000,103,18
06013313107,47,2,1310000,35,10
06073018302,12,0,0,12,0
06037243001,27,1,505000,12,14
06073018617,62,10,7520000,45,7
06071002043,77,1,1035000,76,0
06037701304,64,0,0,64,0
06071002044,60,2,1470000,54,4
06073018618,38,6,3220000,26,6
06067005508,54,1,335000,53,0
06037243002,27,0,0,18,9
06067005509,12,0,0,12,0
06065044000,8,0,0,5,3
06067008117,35,2,780000,26,7
06071002045,55,2,860000,47,6
06073018619,92,12,9800000,76,4
06037620901,42,0,0,42,0
06037553701,13,1,745000,10,2
06037294110,30,0,0,22,8
06085503710,14,0,0,13,1
06071002046,86,0,0,85,1
06037911100,94,3,1355000,56,35
06085503711,14,1,725000,13,0
06071002047,25,1,515000,21,3
06037187200,20,0,0,19,1
06037553702,15,0,0,12,3
06037461901,20,0,0,20,0
06099000905,73,2,950000,57,14
06067008119,94,4,1870000,79,11
06081608300,25,0,0,24,1
06037461902,5,0,0,5,0
06037620904,33,0,0,32,1
06071002048,58,0,0,55,3
06059042330,49,0,0,48,1
06085503712,13,0,0,13,0
06099000906,77,5,2155000,55,17
06071002049,8,0,0,7,1
06099000907,53,0,0,46,7
06065030800,117,6,3450000,83,28
06059042331,61,1,905000,59,1
06085503713,30,0,0,27,3
06037125501,27,0,0,27,0
06001427600,12,0,0,12,0
06059042332,85,0,0,81,4
06099000908,55,2,580000,39,14
06037572500,28,4,1510000,15,9
06037269800,24,0,0,23,1
06037125502,33,0,0,31,2
06099000909,53,2,810000,34,17
06007003700,67,5,1525000,45,17
06037273200,27,0,0,26,1
06001423601,12,1,1025000,11,0
06059042333,69,1,1175000,68,0
06013325000,103,0,0,99,4
06013329000,89,3,1835000,76,10
06001423602,18,0,0,18,0
06037535400,17,1,565000,12,4
06085503401,17,0,0,16,1
06085507401,45,0,0,44,1
06037602601,51,5,3075000,42,4
06077005208,73,3,1745000,60,10
06059042334,71,0,0,67,4
06025010800,4,0,0,3,1
06085503402,16,0,0,16,0
06037195720,19,0,0,18,1
06037211500,50,0,0,49,1
06073007401,37,3,1615000,34,0
06037602602,26,0,0,23,3
06085507402,57,0,0,55,2
06079011704,34,0,0,34,0
06059042335,95,3,2005000,88,4
06079011705,21,1,835000,20,0
06073007402,40,3,3995000,36,1
06037236101,21,1,365000,20,0
06059042336,62,0,0,61,1
06099001400,89,4,1620000,56,29
06037236102,20,0,0,18,2
06047001401,46,2,590000,31,13
06019000300,26,0,0,21,5
06037218110,16,0,0,15,1
06059042337,70,0,0,66,4
06079011706,44,5,5005000,38,1
06037406500,53,1,275000,46,6
06001442400,58,0,0,57,1
06107002002,59,2,790000,42,15
06097154000,22,0,0,22,0
06075023102,23,1,455000,22,0
06075023103,3,0,0,3,0
06019008301,11,0,0,10,1
06011000200,59,2,1100000,45,10
06029001700,74,2,700000,59,13
06059042338,73,0,0,70,3
06019004301,59,0,0,54,5
06047001402,50,2,640000,31,17
06107002003,71,6,1890000,46,19
06061021603,52,1,615000,48,2
06019004302,95,6,2550000,80,9
06037310701,10,0,0,10,0
06059042339,45,3,2465000,39,3
06001409300,43,0,0,29,14
06061021604,50,2,1100000,45,3
06063000201,45,1,295000,42,2
06107002004,62,8,2610000,37,17
06019008303,6,0,0,6,0
06019004303,82,5,2395000,71,6
06089011401,52,4,1390000,41,7
06063000202,20,0,0,16,4
06007002000,65,4,1320000,49,12
06037550201,32,2,1440000,25,5
06001405301,12,0,0,12,0
06019008304,9,0,0,7,2
06001405302,11,0,0,9,2
06037104321,9,1,705000,5,3
06037204910,9,0,0,8,1
06089011402,37,3,775000,31,3
06037310703,19,0,0,19,0
06107002006,54,3,1415000,45,6
06037550202,47,0,0,40,7
06037104322,14,1,605000,8,5
06037310704,16,0,0,16,0
06089011403,71,4,1930000,60,7
06053014201,42,6,4580000,32,4
06013351200,83,0,0,83,0
06027000800,19,1,215000,13,5
06037310705,8,0,0,8,0
06107002008,17,0,0,11,6
06037122000,44,0,0,42,2
06013355201,156,4,2570000,131,21
06053014202,22,2,1470000,17,3
06053010202,32,0,0,32,0
06107002009,47,2,560000,33,12
06001420100,15,0,0,15,0
06013355202,64,2,1620000,52,10
06013359202,77,0,0,71,6
06037195100,61,0,0,61,0
06067002500,58,2,1420000,55,1
06013359203,74,3,1755000,63,8
06037262301,47,0,0,47,0
06055200301,55,0,0,52,3
06077003900,6,0,0,6,0
06037432700,29,0,0,25,4
06037262302,41,0,0,41,0
06037229200,16,0,0,14,2
06013359204,33,0,0,33,0
06037204600,12,1,795000,9,2
06037901010,115,10,5020000,74,31
06065042740,80,11,4265000,58,11
06075016200,23,0,0,21,2
06037503901,37,0,0,34,3
06055200302,48,2,930000,45,1
06067006501,51,1,385000,33,17
06067009110,14,1,255000,13,0
06031001300,18,2,650000,8,8
06087121100,32,0,0,31,1
06037262303,48,0,0,48,0
06065042741,75,11,3375000,48,16
06037901011,91,3,1145000,54,34
06037503902,50,1,835000,41,8
06067006502,39,3,1265000,26,10
06075012202,3,0,0,3,0
06001435500,32,1,765000,27,4
06111008700,40,6,3580000,32,2
06037702300,64,0,0,64,0
06037137401,71,0,0,68,3
06065042742,271,43,24145000,171,57
06067009111,57,3,1025000,48,6
06037901012,103,14,7680000,72,17
06037134520,17,0,0,17,0
06075060701,30,0,0,30,0
06067009112,52,4,1740000,40,8
06111000701,27,1,325000,23,3
06065042743,102,16,9710000,73,13
06037137402,98,1,1005000,96,1
06037403000,56,1,695000,47,8
06037901013,164,16,7840000,92,56
06037134521,2,1,315000,1,0
06037407001,39,0,0,32,7
06111000702,44,2,640000,33,9
06085511301,24,1,945000,23,0
06075060702,69,0,0,69,0
06075012204,10,0,0,10,0
06037311200,48,1,1045000,46,1
06071003000,14,0,0,12,2
06095250501,42,4,2630000,33,5
06065042744,43,4,1910000,28,11
06037901014,105,8,4110000,55,42
06037403316,95,1,795000,88,6
06037134522,9,0,0,9,0
06085511302,18,0,0,18,0
06071007001,30,1,435000,16,13
06037403317,52,0,0,51,1
06065042745,133,13,6265000,82,38
06075060703,44,0,0,44,0
06037407002,21,0,0,18,3
06075031000,38,0,0,38,0
06095250502,56,3,2185000,37,16
06073019301,111,3,1925000,100,8
06073015301,29,6,3750000,23,0
06111004704,6,0,0,6,0
06071007002,32,0,0,23,9
06065042746,39,1,485000,19,19
06037189903,27,0,0,27,0
06037237720,12,0,0,8,4
06037403318,89,4,2450000,73,12
06073015302,85,4,3920000,75,6
06065042747,25,1,455000,14,10
06083001306,29,1,1515000,27,1
06037189904,1,0,0,1,0
06073019303,172,20,12520000,143,9
06001450300,67,0,0,66,1
06037296500,27,0,0,20,7
06037403319,62,1,515000,57,4
06037189905,23,1,435000,21,1
06083001307,32,0,0,28,4
06037543304,123,8,5510000,98,17
06037554700,39,0,0,29,10
06037111100,49,2,1610000,44,3
06065042748,125,14,8340000,84,27
06065045000,55,0,0,51,4
06073019304,64,5,2875000,55,4
06037543305,27,0,0,27,0
06065041001,14,0,0,11,3
06073019305,86,6,3310000,71,9
06065049001,111,13,6675000,86,12
06083001308,42,0,0,41,1
06037462900,54,1,935000,50,3
06037115101,60,0,0,59,1
06111001510,18,1,585000,14,3
06075021800,36,0,0,36,0
06037189906,10,0,0,10,0
06037234800,43,2,1020000,34,7
06065042708,69,8,3810000,45,16
06065042749,95,6,3510000,56,33
06037189907,8,0,0,7,1
06065041002,36,0,0,24,12
06111001511,10,1,615000,9,0
06107000701,22,1,345000,13,8
06081609300,33,0,0,33,0
06037543306,76,4,3060000,62,10
06065049002,31,4,2330000,21,6
06065042709,194,23,11525000,131,40
06107000702,26,0,0,17,9
06065041003,19,0,0,15,4
06037433200,15,0,0,15,0
06037185320,19,0,0,17,2
06037115104,18,0,0,17,1
06065041004,25,2,1420000,19,4
06097152701,73,0,0,70,3
06059087001,23,1,805000,22,0
06087110201,15,0,0,15,0
06001428600,36,0,0,34,2
06097152702,54,1,555000,52,1
06097151310,44,2,1390000,40,2
06059087002,54,1,855000,46,7
06007000700,65,2,540000,59,4
06037270200,28,0,0,28,0
06075061200,17,0,0,17,0
06037577501,48,0,0,47,1
06013326000,72,2,2410000,67,3
06037603600,41,1,875000,34,6
06097151311,110,2,1560000,101,7
06013322000,107,0,0,104,3
06087110202,22,1,845000,19,2
06085508401,65,0,0,65,0
06073020902,53,8,5030000,39,6
06111001201,92,6,4470000,79,7
06013345111,62,0,0,60,2
06073020903,50,4,1670000,33,13
06037300301,86,0,0,83,3
06061022600,26,0,0,25,1
06013345112,77,0,0,76,1
06037274202,60,0,0,60,0
06111001202,92,2,1210000,85,5
06037212501,2,0,0,2,0
06037237101,24,0,0,18,6
06085508403,38,0,0,38,0
06025011801,55,4,2050000,36,15
06079012705,86,4,3330000,77,5
06107003001,24,1,215000,15,8
06073020904,82,8,4500000,65,8
06037577504,12,0,0,12,0
06075020101,19,0,0,19,0
06041127000,85,0,0,82,3
06013345113,60,0,0,60,0
06065050600,193,34,19840000,133,26
06047002401,3,0,0,3,0
06037212502,2,0,0,2,0
06075020102,9,0,0,8,1
06037237102,11,1,635000,7,3
06111001204,21,0,0,19,2
06099002401,23,0,0,18,5
06107003002,59,9,2985000,23,27
06013345114,122,3,3445000,118,0
06033000901,59,7,2325000,33,19
06097151000,34,0,0,34,0
06085508404,59,0,0,58,1
06025011802,44,2,600000,32,10
06079012706,88,4,2430000,80,4
06025011803,70,11,4675000,46,13
06019005301,72,4,1250000,44,24
06115040600,93,6,1940000,55,32
06099002402,30,1,315000,22,7
06013345115,79,0,0,79,0
06033000902,83,6,2010000,60,16
06079012707,65,3,1115000,59,3
06079012708,11,0,0,9,2
06037621324,26,1,1005000,25,0
06089012400,35,2,870000,30,3
06019005302,54,5,1795000,34,15
06037141303,18,1,635000,17,0
06047002403,24,0,0,17,7
06013345116,45,0,0,45,0
06001406300,37,0,0,36,1
06029002701,30,1,275000,19,10
06081610901,18,0,0,18,0
06029002702,27,0,0,21,6
06037551201,32,1,1355000,28,3
06025940000,3,0,0,2,1
06047002404,60,1,345000,32,27
06075010901,18,0,0,18,0
06037141304,32,0,0,31,1
06023010901,33,3,1225000,26,4
06073002601,29,5,4125000,24,0
06081610902,36,0,0,35,1
06013345117,62,0,0,58,4
06037108202,295,3,4375000,292,0
06029003820,57,3,1415000,45,9
06083002924,3,0,0,3,0
06019005304,51,3,915000,41,7
06037141305,37,0,0,37,0
06037621326,21,0,0,21,0
06059099250,26,0,0,23,3
06023010902,32,1,425000,29,2
06075010902,14,0,0,14,0
06073002602,30,7,3095000,21,2
06029003821,53,2,1140000,48,3
06037108203,40,1,1295000,38,1
06013345118,73,1,675000,72,0
06037920312,76,0,0,71,5
06037555202,64,0,0,62,2
06037141306,23,0,0,23,0
06037108204,20,0,0,20,0
06037551203,18,1,795000,14,3
06037480002,27,0,0,27,0
06059099251,28,1,1015000,27,0
06019005305,40,0,0,27,13
06037920313,99,2,1000000,87,10
06029003822,54,2,930000,47,5
06037408623,24,2,1060000,22,0
06083002926,1,0,0,1,0
06053011202,35,2,1150000,23,10
06037920314,52,4,1850000,46,2
06037551204,17,0,0,15,2
06037920040,47,1,815000,36,10
06029003823,64,2,890000,56,6
06037408624,34,0,0,33,1
06013352201,73,0,0,73,0
06037920041,38,1,675000,29,8
06029003824,31,0,0,30,1
06059099212,52,1,685000,48,3
06037408625,53,1,995000,48,4
06055201300,22,0,0,22,0
06037242700,44,1,415000,26,17
06037267300,13,0,0,13,0
06053011203,33,1,695000,18,13
06001421100,33,0,0,33,0
06013352202,36,0,0,36,0
06001425101,21,0,0,18,3
06029003825,50,2,800000,42,6
06037500900,55,1,745000,49,5
06037920042,105,4,2300000,92,9
06071001702,52,1,395000,47,4
06053011204,32,4,2070000,15,13
06081613200,76,0,0,76,0
06037408626,36,1,625000,34,1
06037408627,29,2,820000,26,1
06001425102,17,1,745000,16,0
06071001703,62,5,2455000,50,7
06067007501,57,3,1345000,43,11
06059099214,37,0,0,35,2
06029003826,116,10,4730000,88,18
06037920043,135,4,2920000,118,13
06077000900,74,4,1590000,49,21
06067003501,49,0,0,45,4
06037201601,16,0,0,15,1
06037920044,44,2,1100000,32,10
06067003502,44,3,1045000,37,4
06087122100,46,0,0,43,3
06037408628,33,0,0,27,6
06001425103,27,0,0,26,1
06059099215,73,1,705000,68,4
06029003827,68,4,2140000,56,8
06071001704,54,0,0,51,3
06013371000,48,0,0,46,2
06111005700,13,1,915000,12,0
06037201602,30,0,0,27,3
06065043701,53,4,1790000,32,17
06037408629,32,0,0,32,0
06111009700,34,1,515000,30,3
06037920045,90,4,2650000,72,14
06059099216,67,2,1670000,61,4
06067007503,27,4,1550000,21,2
06001425104,33,1,635000,32,0
06001436500,66,0,0,61,4
06067007504,24,1,325000,20,3
06077004903,30,1,255000,25,4
06037404000,40,1,695000,31,8
06071001706,40,1,435000,27,12
06059099217,52,1,1565000,48,3
06037920046,30,0,0,28,2
06065043702,81,12,4980000,42,27
06095251500,38,0,0,28,10
06037540300,21,0,0,15,6
06065043703,53,4,1450000,15,34
06083002303,28,0,0,22,6
06071001707,49,2,1100000,41,6
06077004904,68,3,1435000,48,17
06037920048,45,2,1460000,37,6
06071004001,22,0,0,15,7
06037117530,16,0,0,16,0
06071008001,137,9,4795000,105,23
06073016301,61,6,2900000,51,4
06083002304,28,0,0,22,6
06017030601,108,7,3415000,82,19
06073020015,78,1,1555000,73,4
06077004905,16,0,0,14,2
06077004906,15,1,565000,13,1
06073013420,24,2,1190000,21,1
06037408003,48,1,605000,43,4
06037910804,69,1,925000,57,11
06037920049,105,2,2230000,96,7
06037241001,24,0,0,19,5
06073016302,58,9,3985000,42,7
06037227010,5,0,0,5,0
06071008003,29,1,455000,21,7
06037408004,21,0,0,18,3
06071004003,32,0,0,23,9
06039000602,25,0,0,19,6
06037241002,18,0,0,16,2
06073013421,57,6,4390000,47,4
06001451300,104,0,0,102,2
06073020017,62,7,5265000,50,5
06029003203,48,3,1255000,33,12
06017030603,82,7,2645000,56,19
06083002307,45,2,1130000,38,5
06017030604,15,1,355000,12,2
06037297501,36,2,1970000,33,1
06071008004,33,0,0,25,8
06037408005,70,1,765000,63,6
06073013422,58,2,1520000,55,1
06071004004,49,2,1250000,36,11
06039000603,32,1,375000,18,13
06017030605,24,2,1000000,17,5
06039000604,22,1,415000,14,6
06037231800,19,0,0,15,4
06073020019,81,1,585000,76,4
06073013423,71,15,10585000,50,6
06083002308,39,4,2080000,31,4
06037910807,77,2,1550000,64,11
06037408006,19,0,0,15,4
06037297502,27,0,0,27,0
06037463900,49,1,845000,48,0
06037239801,10,0,0,7,3
06083002309,19,0,0,13,6
06037600911,34,0,0,30,4
06037910808,50,0,0,45,5
06021010501,12,0,0,10,2
06075022801,45,0,0,45,0
06073013424,79,15,11855000,59,5
06017030606,62,8,4010000,45,8
06107001701,47,3,925000,31,13
06037501400,20,1,715000,16,3
06037239802,19,0,0,13,6
06021010502,2,0,0,2,0
06075022802,6,0,0,5,1
06029003207,50,1,225000,36,13
06073013425,27,0,0,27,0
06037600912,33,0,0,29,4
06037910809,55,1,1015000,54,0
06037430200,8,0,0,8,0
06029003208,138,5,1585000,65,68
06075022803,23,0,0,23,0
06059063400,91,1,2935000,89,1
06073017111,86,0,0,86,0
06077001400,61,4,1800000,42,15
06107001703,119,11,4255000,79,29
06037599100,1,0,0,1,0
06073021900,21,2,1530000,14,5
06049000300,20,3,955000,12,5
06059088001,30,0,0,29,1
06073017112,40,1,1205000,39,0
06029003209,85,3,1255000,51,31
06037574500,107,1,775000,102,4
06013360101,51,0,0,48,3
06037271200,15,0,0,15,0
06059088002,31,0,0,30,1
06111002200,61,2,1520000,56,3
06013360102,49,1,905000,44,4
06037275200,24,1,725000,23,0
06111006200,61,0,0,61,0
06073017113,48,0,0,48,0
06107001705,121,18,7240000,66,37
06001433000,43,0,0,41,2
06037301300,35,0,0,35,0
06013327001,26,0,0,22,4
06037482701,18,0,0,17,1
06053013900,24,1,755000,22,1
06037570502,61,3,1815000,46,12
06037600601,39,0,0,32,7
06107001706,128,5,1225000,85,38
06037600602,6,0,0,6,0
06067004005,44,1,595000,38,5
06007001702,75,6,1790000,42,25
06013327002,45,3,1285000,40,2
06037183401,23,1,1055000,22,0
06081600501,27,0,0,25,2
06061023600,67,5,2395000,55,7
06023000500,17,0,0,17,0
06075025100,49,0,0,47,2
06037482702,29,1,515000,26,2
06037238100,51,1,825000,41,9
06097153705,44,0,0,41,3
06037570503,30,0,0,24,6
06017031100,83,4,1730000,70,9
06059074801,27,0,0,22,5
06037183402,10,0,0,10,0
06007001703,37,4,1160000,26,7
06099003400,12,1,565000,8,3
06081600502,31,0,0,29,2
06067004006,39,1,675000,36,2
06037570504,37,2,1440000,31,4
06065940400,25,1,195000,17,7
06037231220,4,0,0,4,0
06007001704,42,3,775000,25,14
06001444400,43,0,0,43,0
06059074802,19,0,0,17,2
06097153707,31,1,595000,27,3
06059001704,74,1,845000,73,0
06059074803,43,0,0,41,2
06113010505,59,1,1215000,58,0
06059001705,34,0,0,31,3
06097153708,36,0,0,33,3
06019006301,103,1,445000,54,48
06057000801,94,4,2190000,86,4
06067004008,39,2,850000,34,3
06037228900,6,0,0,5,1
06037190801,6,0,0,6,0
06019006302,20,0,0,18,2
06075015900,20,0,0,20,0
06081611901,23,0,0,22,1
06059001706,55,1,335000,54,0
06037552200,42,2,1140000,34,6
06057000802,81,1,495000,75,5
06097153709,31,0,0,29,2
06075011901,15,0,0,15,0
06073003601,16,2,1120000,11,3
06059074805,10,0,0,7,3
06081611902,35,0,0,33,2
06037320101,23,0,0,20,3
06037190802,12,0,0,12,0
06087120800,71,0,0,69,2
06001441521,44,0,0,43,1
06075011902,6,0,0,6,0
06037460401,14,2,1490000,12,0
06059074806,12,0,0,9,3
06001441522,35,0,0,34,1
06073003602,16,0,0,13,3
06037320102,23,2,1440000,18,3
06113010508,23,0,0,23,0
06059001708,44,1,1035000,42,1
06053012200,25,0,0,25,0
06113010509,27,0,0,26,1
06059001709,22,0,0,22,0
06001441523,22,0,0,22,0
06073003603,23,1,825000,19,3
06001441524,24,0,0,23,1
06071006700,41,0,0,28,13
06037124000,57,0,0,56,1
06037103401,46,0,0,44,2
06037402702,18,0,0,13,5
06001441525,339,0,0,339,0
06001426100,84,0,0,84,0
06001401500,24,1,985000,21,2
06075030700,109,1,1615000,106,2
06001422100,21,0,0,21,0
06037401311,69,0,0,58,11
06037106010,41,1,705000,36,4
06037103402,38,1,605000,36,1
06037601100,12,1,1325000,10,1
06029000510,51,1,405000,43,7
06037191610,7,0,0,7,0
06037402703,53,5,2585000,36,12
06113011001,49,1,375000,42,6
06037401312,56,1,685000,51,4
06067008501,108,5,3485000,100,3
06037221710,12,0,0,11,1
06037265420,24,0,0,24,0
06071002703,95,7,3895000,71,17
06037264303,17,0,0,17,0
06087123100,17,0,0,15,2
06037402705,41,2,940000,25,14
06113011002,50,2,1050000,39,9
06013372000,54,2,530000,45,7
06065048700,86,4,2130000,64,18
06013376000,43,0,0,36,7
06037224320,4,0,0,4,0
06037294810,9,0,0,8,1
06037228320,11,0,0,10,1
06103000400,105,3,895000,88,13
06037264304,18,1,895000,17,0
06059075301,52,1,1095000,46,5
06037402706,33,1,665000,23,9
06071002705,51,0,0,37,14
06001437500,27,0,0,26,1
06065044701,63,3,3675000,58,2
06065040701,34,3,2575000,30,1
06037670201,46,0,0,45,1
06037139401,28,0,0,27,1
06037203720,13,0,0,11,2
06037139402,51,0,0,50,1
06059075302,35,1,925000,33,1
06067008504,57,0,0,53,4
06093000701,40,3,1085000,26,10
06037409000,49,1,425000,42,6
06037264305,32,1,785000,31,0
06071002706,351,22,12600000,246,83
06065040702,51,2,1250000,40,9
06037670202,27,0,0,27,0
06065044702,15,0,0,13,2
06095252501,25,0,0,16,9
06093000702,35,2,850000,24,9
06067008505,27,1,775000,25,1
06037264306,25,0,0,25,0
06071002707,110,9,5955000,80,21
06037401001,43,1,825000,40,2
06037405001,31,0,0,27,4
06065040703,44,2,1460000,41,1
06059075303,53,1,1185000,51,1
06037191301,7,0,0,7,0
06067008506,7,0,0,7,0
06037405002,14,0,0,10,4
06095252502,14,0,0,8,6
06029000201,52,0,0,34,18
06071002708,83,3,1695000,68,12
06037401002,42,0,0,41,1
06093000703,49,4,1010000,34,9
06037221401,10,0,0,9,1
06029000202,53,1,215000,34,18
06067008507,67,4,2250000,60,3
06075033001,25,0,0,25,0
06037191302,9,0,0,9,0
06059086701,77,3,1835000,70,3
06071002709,400,19,11695000,300,81
06075033002,28,0,0,28,0
06037221402,9,0,0,9,0
06059086702,34,1,875000,30,3
06067008508,742,15,9425000,712,14
06067008509,68,0,0,67,1
06037232800,6,1,565000,3,2
06037273902,45,0,0,44,1
06111007510,88,0,0,88,0
06107002701,41,1,235000,36,4
06111007511,50,0,0,49,1
06045010400,28,1,575000,24,3
06107002702,62,3,1585000,48,11
06111007512,83,2,1840000,71,10
06073010110,52,10,6080000,37,5
06037203100,7,0,0,6,1
06037502401,36,1,705000,26,9
06073010111,10,1,555000,8,1
06111007513,22,1,455000,19,2
06037431200,52,0,0,43,9
06097150701,72,0,0,69,3
06073010112,16,2,1120000,11,3
06067005002,52,3,1075000,36,13
06037502402,47,1,735000,41,5
06079010701,52,1,615000,50,1
06077002401,36,2,600000,26,8
06097150702,100,2,1390000,96,2
06001434000,29,0,0,26,3
06001438000,40,0,0,37,3
06037550901,13,0,0,13,0
06007002700,71,6,2210000,47,18
06093001200,21,0,0,17,4
06077002402,14,0,0,8,6
06067005003,29,2,580000,22,5
06111007515,41,3,2185000,36,2
06059021810,95,2,1110000,79,14
06053010900,1,0,0,1,0
06037550902,28,0,0,26,2
06067005004,25,0,0,17,8
06079010703,29,4,2480000,25,0
06037571502,47,0,0,44,3
06111003201,16,0,0,15,1
06037272201,13,0,0,13,0
06111007201,66,4,4010000,61,1
06111007516,36,2,1180000,33,1
06037218500,13,0,0,13,0
06081605501,8,0,0,8,0
06081601501,35,0,0,35,0
06101050301,31,4,1620000,23,4
06037272202,31,0,0,29,2
06075026100,33,0,0,33,0
06059021812,89,1,635000,86,2
06111007202,77,0,0,75,2
06037214501,1,0,0,1,0
06081601502,4,0,0,3,1
06101050302,54,4,1340000,29,21
06081605502,21,0,0,20,1
06065941400,113,0,0,113,0
06061020601,158,3,2145000,151,4
06037571504,50,2,1410000,43,5
06059021814,73,1,1055000,70,2
06037571505,36,1,795000,30,5
06081612900,68,0,0,67,1
06079010707,62,2,1560000,59,1
06037125310,19,0,0,18,1
06037620400,87,0,0,86,1
06085500600,33,0,0,32,1
06085504601,2,0,0,2,0
06037199801,5,0,0,5,0
06073004600,15,0,0,15,0
06075016900,40,0,0,39,1
06059021816,90,4,2720000,80,6
06099000403,44,4,2170000,31,9
06061020604,102,2,2430000,96,4
06073000600,41,4,3840000,36,1
06073008600,41,4,2740000,36,1
06085504602,7,0,0,7,0
06037199802,7,0,0,6,1
06085503210,22,0,0,21,1
06037195802,17,0,0,17,0
06037553201,43,0,0,37,6
06037461400,27,0,0,27,0
06099000404,69,2,920000,50,17
06059021817,62,0,0,58,4
06075012901,22,0,0,22,0
06061020605,143,6,5970000,137,0
06085503211,20,0,0,19,1
06099000405,81,2,1000000,65,14
06037195803,12,0,0,12,0
06037553202,51,0,0,42,9
06061020606,69,2,1620000,67,0
06075012902,38,0,0,37,1
06087121801,23,1,915000,22,0
06019001500,5,0,0,4,1
06087121802,26,1,235000,24,1
06085503212,34,0,0,33,1
06037211310,8,1,405000,7,0
06037195804,18,0,0,18,0
06071010021,154,10,4030000,90,54
06099000406,83,3,1595000,66,14
06061020607,89,2,2260000,84,3
06073008370,66,3,2425000,60,3
06037407701,17,0,0,13,4
06085503213,15,0,0,15,0
06065030300,24,0,0,22,2
06073008330,39,1,1855000,38,0
06071003700,43,4,1470000,18,21
06061020608,54,0,0,53,1
06073008371,16,0,0,16,0
06099000407,79,8,4180000,68,3
06071010022,82,5,2385000,47,30
06037104401,13,0,0,9,4
06073008372,20,1,2535000,19,0
06037532605,13,0,0,12,1
06071010023,95,4,1890000,48,43
06037407702,35,0,0,31,4
06037269300,63,0,0,62,1
06001402500,8,0,0,7,1
06037240700,69,1,625000,51,17
06037403702,45,2,1620000,39,4
06073008331,28,0,0,28,0
06001427100,53,0,0,53,0
06059042106,40,0,0,39,1
06001423100,45,2,1990000,42,1
06079011201,34,0,0,34,0
06037192610,12,0,0,12,0
06037107010,25,0,0,21,4
06037532606,5,0,0,4,1
06029005510,26,8,2230000,14,4
06007003200,33,2,760000,21,9
06073008373,24,0,0,24,0
06037122120,26,1,885000,21,4
06079011202,39,0,0,37,2
06037572001,101,1,985000,94,6
06037403703,65,0,0,60,5
06059042107,29,0,0,29,0
06071010024,113,6,2960000,60,47
06037104403,11,0,0,7,4
06037122121,13,0,0,12,1
06037532607,8,0,0,7,1
06067009501,56,5,2765000,40,11
06073008374,26,1,695000,25,0
06029005511,160,36,10090000,74,49
06059042108,39,1,1555000,37,1
06037122122,2,0,0,2,0
06085503217,21,0,0,20,1
06013373000,29,0,0,24,5
06037104404,9,0,0,8,1
06013377000,29,0,0,21,8
06025010300,5,0,0,4,1
06037211000,61,0,0,60,1
06029005512,98,17,5415000,45,35
06059042109,66,3,1585000,61,2
06069000601,160,8,5680000,114,38
06067009502,118,4,1420000,97,17
06073008375,13,0,0,13,0
06085503218,17,0,0,15,2
06037208720,2,0,0,2,0
06037602103,22,1,815000,19,2
06029005513,71,19,9005000,41,11
06069000602,82,3,2135000,64,15
06037119801,22,0,0,15,7
06067009503,28,0,0,23,5
06073008376,28,2,1080000,26,0
06065049701,67,4,2170000,57,6
06071010027,115,11,4535000,68,35
06085503219,18,1,855000,17,0
06029005514,50,9,3605000,30,11
06067009504,48,6,3440000,25,17
06037602104,19,0,0,18,1
06037119802,27,0,0,25,2
06073008377,18,0,0,18,0
06073008336,32,0,0,30,2
06065041702,57,3,1465000,48,6
06071010028,69,2,980000,41,26
06037406000,50,0,0,44,6
06065049702,88,9,7695000,73,6
06073008378,3,0,0,3,0
06065041703,7,0,0,7,0
06065045703,31,0,0,10,21
06073008337,62,2,1660000,58,2
06061021103,82,2,990000,74,6
06071010029,56,2,520000,27,27
06037650603,30,0,0,30,0
06037602105,19,1,755000,17,1
06095253501,253,39,14935000,169,45
06073016810,51,5,3665000,42,4
06037192300,38,0,0,38,0
06065045704,14,0,0,10,4
06037650604,4,0,0,3,1
06065041704,9,0,0,8,1
06037602106,22,1,1035000,19,2
06095253502,67,3,1535000,52,12
06029001201,24,0,0,14,10
06037310201,62,0,0,62,0
06073016811,88,10,7210000,73,5
06037433901,11,0,0,11,0
06073008339,10,0,0,10,0
06059087701,34,1,495000,31,2
06029001202,19,0,0,15,4
06073016812,38,2,1110000,34,2
06037650605,8,0,0,8,0
06037310202,50,0,0,50,0
06075013401,12,0,0,12,0
06065045706,14,0,0,9,5
06073016813,60,2,1450000,56,2
06061021106,44,2,1300000,37,5
06075013402,19,0,0,19,0
06029005203,44,5,1335000,30,7
06037650606,8,0,0,8,0
06037204410,4,0,0,4,0
06001432700,41,0,0,40,1
06037433903,19,0,0,16,3
06037650607,12,0,0,12,0
06065042510,32,2,390000,22,8
06065045707,84,1,515000,56,27
06111001901,45,0,0,44,1
06059087703,39,0,0,35,4
06027000300,26,1,335000,25,0
06029005205,25,3,625000,12,10
06061021108,51,2,640000,47,2
06059032050,91,4,2930000,81,6
06059087704,54,3,1785000,49,2
06107003700,68,2,670000,39,27
06037237800,47,1,475000,41,5
06065042511,24,3,1195000,16,5
06065045708,74,3,1555000,36,35
06065042512,23,0,0,13,10
06065045709,11,1,445000,6,4
06073012501,10,2,890000,8,0
06029005206,36,3,645000,25,8
06059032051,82,2,1580000,68,12
06075020801,10,0,0,10,0
06045011400,61,3,975000,55,3
06065045120,91,0,0,84,7
06061021109,107,0,0,104,3
06067002000,22,1,625000,20,1
06065042513,35,2,840000,29,4
06059032011,44,0,0,39,5
06041131100,16,0,0,16,0
06073019110,87,8,7430000,68,11
06075020802,12,0,0,12,0
06073016502,108,9,6285000,89,10
06073012502,15,3,2045000,12,0
06029005207,28,0,0,23,5
06053000501,13,0,0,11,2
06065042514,24,1,115000,15,8
06065045122,34,1,885000,32,1
06073016503,36,5,2505000,26,5
06029005208,35,6,1220000,19,8
06073019111,84,4,3900000,68,12
06097151701,29,0,0,26,3
06059032012,80,6,6660000,71,3
06037503401,122,3,2395000,101,18
06059032053,153,0,0,144,9
06065042515,14,0,0,8,6
06053000502,20,0,0,16,4
06067006002,61,2,1190000,53,6
06085512505,63,1,885000,58,4
06059032054,66,0,0,63,3
06037503402,76,2,1770000,65,9
06037432201,29,0,0,29,0
06059032013,67,0,0,61,6
06097151702,16,0,0,15,1
06037551900,65,3,1705000,46,16
06073016504,53,14,5920000,38,1
06065045123,90,1,1015000,88,1
06037277200,13,2,1080000,10,1
06037576501,19,0,0,17,2
06059032014,55,2,860000,48,5
06111004200,40,2,1300000,30,8
06059032055,48,0,0,45,3
06065042516,31,1,555000,21,9
06067006003,60,2,770000,49,9
06037432202,14,0,0,14,0
06001431000,13,0,0,12,1
06001410400,37,1,635000,29,7
06071011601,213,42,14600000,110,60
06065045124,54,0,0,54,0
06037181400,20,0,0,20,0
06065042517,30,1,565000,22,7
06059032015,117,1,1585000,111,5
06077003403,31,1,365000,21,9
06111008201,55,0,0,45,10
06081606500,50,0,0,50,0
06071011602,29,2,500000,18,8
06065045125,85,0,0,84,1
06067006004,60,2,1220000,46,12
06081602500,49,0,0,47,2
06037576502,39,1,465000,37,1
06037189400,75,0,0,75,0
06065045126,14,1,425000,12,1
06075980900,1,0,0,1,0
06065042518,31,0,0,15,16
06037219500,26,0,0,25,1
06077003404,35,1,335000,28,6
06111008202,71,1,705000,54,16
06053011901,44,0,0,44,0
06037576503,34,0,0,34,0
06059032057,110,1,775000,102,7
06037480702,53,0,0,53,0
06037554511,39,0,0,39,0
06077003405,41,1,275000,32,8
06037480703,33,0,0,33,0
06085512509,92,2,1660000,82,8
06053011902,25,0,0,24,1
06059032058,183,3,3515000,178,2
06109001100,48,5,2155000,36,7
06037554512,61,0,0,58,3
06065042519,7,0,0,4,3
06037123700,41,0,0,38,3
06065045127,48,1,395000,46,1
06077003406,37,3,845000,25,9
06037212620,13,0,0,13,0
06035040200,28,5,1095000,18,5
06037554513,26,0,0,26,0
06037480704,29,0,0,29,0
06001421800,18,0,0,18,0
06059032059,166,0,0,162,4
06065045128,49,1,1465000,48,0
06077003407,12,1,445000,9,2
06085509600,22,0,0,22,0
06065042206,48,3,1165000,41,4
06085505600,18,0,0,18,0
06037554514,43,1,515000,37,5
06081613900,73,0,0,73,0
06037621400,53,1,1455000,50,2
06059110301,65,0,0,60,5
06065045129,78,5,2155000,65,8
06037292001,14,0,0,13,1
06073020710,28,3,3405000,25,0
06085501601,26,0,0,25,1
06059110302,67,1,935000,59,7
06065042207,55,1,655000,50,4
06037554515,26,0,0,26,0
06073001600,39,2,2230000,35,2
06085501602,10,0,0,9,1
06037554201,23,1,255000,19,3
06107004200,25,1,205000,19,5
06013392300,28,0,0,27,1
06037554516,36,0,0,33,3
06065042208,50,1,625000,49,0
06037292002,16,0,0,14,2
06037533601,8,0,0,8,0
06029002820,81,3,975000,63,15
06059110303,69,0,0,62,7
06037462400,53,0,0,52,1
06075021300,33,0,0,33,0
06073020711,59,5,4795000,54,0
06077003409,30,2,870000,19,9
06073005601,23,4,2490000,18,1
06037533602,14,0,0,11,3
06037234301,17,0,0,16,1
06065042209,24,0,0,22,2
06059099601,34,0,0,34,0
06037554517,27,0,0,27,0
06041124200,78,1,2005000,75,2
06073020712,87,3,2675000,72,12
06073009602,81,7,4545000,67,7
06073005602,41,6,3620000,33,2
06059110304,56,1,895000,48,7
06041128200,82,0,0,81,1
06029002821,72,2,680000,45,25
06037234302,17,0,0,16,1
06037554203,22,0,0,21,1
06107000202,9,0,0,7,2
06075017903,14,0,0,14,0
06037554518,46,0,0,42,4
06029002822,62,2,950000,50,10
06059099602,42,0,0,39,3
06037533603,21,0,0,14,7
06073009603,89,9,4025000,74,6
06065031300,20,0,0,14,6
06037554519,27,0,0,25,2
06019002501,21,0,0,18,3
06073009604,65,9,6675000,53,3
06071004700,38,0,0,28,10
06037109400,26,1,775000,21,4
06107000203,10,0,0,9,1
06059099603,79,2,1590000,76,1
06037554204,19,0,0,17,2
06029002823,41,2,640000,32,7
06097152201,41,0,0,39,2
06037404701,44,0,0,39,5
06037101400,58,0,0,58,0
06029003900,114,4,1790000,66,44
06029002824,9,0,0,7,2
06037404702,13,0,0,10,3
06107000204,11,0,0,8,3
06001407500,27,0,0,23,4
06019002502,25,0,0,21,4
06001428100,54,0,0,54,0
06059099604,54,0,0,51,3
06075032700,39,0,0,39,0
06079012201,27,0,0,26,1
06001403501,24,0,0,24,0
06059099605,54,0,0,51,3
06037408703,45,2,2390000,40,3
06073020401,47,4,4840000,42,1
06079012202,48,2,1280000,45,1
06037404703,12,0,0,10,2
06029002825,37,1,175000,25,11
06097152203,30,0,0,28,2
06037481201,31,0,0,30,1
06037573002,8,0,0,6,2
06007000201,83,6,2780000,68,9
06001403502,20,1,405000,19,0
06037603101,39,0,0,36,3
06097152204,60,1,595000,55,4
06037920120,76,1,1175000,71,4
06037573003,16,0,0,15,1
06007000202,34,0,0,27,7
06037603102,22,1,545000,21,0
06037408705,35,0,0,34,1
06073020403,85,7,4125000,72,6
06065046700,16,0,0,11,5
06061022100,33,0,0,33,0
06097152205,23,0,0,22,1
06087100500,43,1,1185000,40,2
06013374000,55,1,775000,52,2
06037920121,142,4,2290000,127,11
06013370000,35,0,0,34,1
06013378000,53,2,2210000,49,2
06025011301,17,0,0,10,6
06037573004,15,0,0,14,1
06071008705,63,3,1555000,40,20
06037481203,27,0,0,26,1
06073020404,56,3,2765000,49,4
06025011302,2,0,0,2,0
06065043820,157,17,6655000,102,38
06037408707,54,0,0,54,0
06033000401,41,4,1820000,29,8
06073020405,65,2,2220000,60,3
06067000700,2,0,0,2,0
06081610400,24,0,0,23,1
06037197300,31,0,0,30,1
06025011303,35,5,2055000,23,7
06059011601,17,1,785000,16,0
06115040100,50,1,225000,39,10
06065043821,92,6,3440000,67,19
06033000402,33,2,840000,24,7
06073017810,92,1,485000,87,4
06059011602,37,0,0,35,2
06067004701,15,0,0,12,3
06029002201,15,2,790000,8,5
06073002100,46,3,2435000,43,0
06071008708,90,5,2445000,63,22
06029006201,26,1,435000,18,7
06059052430,184,2,1300000,179,3
06065043822,225,15,8695000,138,72
06023010400,30,1,345000,27,2
06073017811,90,1,855000,84,5
06071008709,56,4,2070000,33,19
06029006202,28,1,345000,20,7
06067004702,47,2,1230000,36,9
06059052431,27,0,0,27,0
06029002202,25,0,0,17,8
06037430901,27,0,0,27,0
06071000120,71,1,495000,66,4
06037131600,56,1,725000,49,6
06075010401,7,0,0,7,0
06065043823,470,53,27825000,255,162
06059088701,50,2,1320000,44,4
06073017813,39,0,0,38,1
06059088702,38,0,0,38,0
06075010402,19,0,0,18,1
06065043824,78,6,2830000,62,10
06071000121,113,2,2120000,110,1
06059052432,39,0,0,39,0
06037241120,17,0,0,12,5
06001433700,32,0,0,29,3
06037430902,35,0,0,34,1
06111006900,57,2,1250000,54,1
06085513500,4,0,0,3,1
06111002901,69,5,4715000,58,6
06071000122,38,0,0,36,2
06059052433,65,1,815000,62,2
06037700501,69,0,0,68,1
06037271901,30,0,0,29,1
06075025800,10,0,0,10,0
06037700502,59,0,0,58,1
06059052434,42,0,0,42,0
06071001200,61,0,0,53,8
06037541500,32,0,0,19,13
06037271902,36,0,0,36,0
06017031800,134,2,1490000,128,4
06059052435,52,0,0,51,1
06065043512,155,13,5295000,85,57
06073017501,29,0,0,28,1
06053001500,70,4,2550000,60,6
06041132100,20,0,0,20,0
06037242201,11,2,960000,6,3
06073017502,31,1,905000,29,1
06043000101,37,1,345000,26,9
06065043513,37,1,385000,22,14
06059052436,48,0,0,48,0
06111002905,47,0,0,44,3
06067007001,27,0,0,20,7
06067003001,42,1,325000,35,6
06073013503,73,10,6000000,59,4
06037242202,13,0,0,11,2
06059052437,205,1,1745000,204,0
06013367100,56,2,1300000,48,6
06043000102,38,3,845000,31,4
06037500402,26,1,675000,17,8
06037552900,56,2,1320000,46,8
06067003002,66,0,0,62,4
06059052438,194,0,0,194,0
06077000401,64,1,385000,46,17
06073013504,153,38,25570000,92,23
06065047201,4,0,0,4,0
06077000402,24,1,525000,18,5
06111009200,61,3,2165000,52,6
06077004402,57,5,1895000,39,13
06065043201,74,5,3345000,64,5
06037113301,35,0,0,33,2
06085502910,38,0,0,37,1
06037500403,44,0,0,36,8
06073013505,83,19,11085000,52,12
06001436000,73,1,935000,65,7
06059052439,644,5,4995000,635,4
06037117301,68,0,0,65,3
06077004403,11,0,0,6,5
06037209103,4,0,0,4,0
06037500404,50,0,0,42,8
06095251000,25,1,425000,20,4
06073013506,32,0,0,29,3
06037910301,102,10,5300000,68,22
06081607500,43,0,0,43,0
06037117302,63,1,1025000,54,8
06065043517,129,10,4870000,73,46
06065047202,22,1,335000,16,5
06065043202,106,13,9885000,81,12
06037186401,21,0,0,19,2
06037131021,11,1,725000,10,0
06065043203,54,5,3475000,47,2
06037117303,58,0,0,52,6
06065043518,70,9,4235000,38,23
06037910302,112,4,2320000,78,30
06037113303,59,1,885000,54,4
06111005202,37,2,800000,33,2
06077004404,19,1,325000,12,6
06037183520,13,0,0,11,2
06037209105,1,0,0,1,0
06037131022,15,0,0,15,0
06065043519,22,0,0,22,0
06065043204,233,35,21465000,170,28
06111005203,83,6,4660000,71,6
06037124700,50,1,1205000,48,1
06001422800,2,0,0,2,0
06037186403,17,0,0,17,0
06037209106,9,2,920000,7,0
06037131023,22,0,0,18,4
06109002101,38,3,2115000,34,1
06067007007,36,1,365000,28,7
06111005204,46,1,865000,42,3
06019003810,89,8,3260000,64,17
06065043246,104,7,4965000,95,2
06065043205,71,11,6785000,54,6
06037186404,12,1,995000,11,0
06037131024,21,0,0,18,3
06109002102,24,2,850000,17,5
06065043206,87,17,10415000,63,7
06019003811,134,4,1420000,94,36
06111005205,101,6,4250000,94,1
06039000102,177,15,8115000,138,23
06037601801,10,0,0,7,3
06073006600,1,0,0,1,0
06019003812,132,6,3180000,98,28
06037128703,13,0,0,12,1
06037297001,14,0,0,13,1
06085506601,36,0,0,36,0
06039000103,94,1,215000,80,13
06065043248,87,5,3615000,78,4
06085502601,35,0,0,35,0
06065043207,85,17,9635000,59,9
06037463400,48,0,0,47,1
06107001200,5,0,0,4,1
06037297002,34,1,805000,31,2
06039000104,75,4,1500000,61,10
06037601802,13,0,0,9,4
06037128704,22,0,0,22,0
06065043208,70,7,4455000,59,4
06113010310,107,8,4200000,88,11
06085502603,31,0,0,31,0
06085506603,53,0,0,51,2
06041121200,63,0,0,63,0
06037143500,60,0,0,60,0
06065043209,82,14,7920000,59,9
06037231301,10,0,0,9,1
06085502604,21,0,0,21,0
06037302503,11,0,0,11,0
06085506604,81,0,0,81,0
06037213310,8,0,0,8,0
06037530603,35,1,945000,27,7
06037231302,26,0,0,23,3
06039000106,134,11,4025000,87,35
06019007500,31,3,995000,18,10
06019003500,84,4,1050000,61,19
06113010312,71,3,1545000,61,7
06047000601,50,3,985000,30,16
06001441601,41,0,0,41,0
06037302504,19,0,0,19,0
06085506605,37,0,0,37,0
06113010313,91,2,630000,85,4
06047000602,47,2,750000,23,21
06097153201,98,2,1680000,83,13
06037405701,31,0,0,22,9
06037800202,91,0,0,90,1
06037302505,2,0,0,2,0
06029004901,13,0,0,9,4
06113010314,45,1,635000,41,3
06037578000,28,2,1190000,23,3
06071005701,7,0,0,5,2
06001441602,50,1,1105000,49,0
06001408500,53,1,435000,45,7
06037405702,89,1,695000,80,8
06097153202,22,0,0,18,4
06047000603,71,0,0,58,13
06037574000,107,2,1290000,100,5
06085506606,21,0,0,20,1
06001400500,36,0,0,35,1
06037302506,17,0,0,16,1
06037600100,23,0,0,16,7
06007001200,15,0,0,12,3
06113010315,34,1,1475000,30,3
06089010601,46,6,2140000,37,3
06037570001,54,0,0,47,7
06029000902,38,2,610000,23,13
06001404501,24,0,0,23,1
06037800204,72,0,0,71,1
06073021401,30,2,2210000,26,2
06039000109,72,6,2760000,52,14
06037228710,8,0,0,4,4
06037106403,30,0,0,22,8
06073021402,24,2,2450000,21,1
06037482201,16,0,0,16,0
06037800205,43,0,0,41,2
06059001201,45,2,1290000,36,7
06029000903,52,2,640000,27,23
06029004903,32,2,500000,22,8
06053013400,22,2,2300000,19,1
06037570002,33,2,1430000,28,3
06037604101,22,0,0,21,1
06089010602,87,4,2420000,78,5
06001404502,137,1,1055000,134,2
06059074300,16,0,0,13,3
06037401705,53,1,845000,49,3
06013375000,19,0,0,13,6
06013379000,50,0,0,41,9
06037570003,66,1,735000,62,3
06037604102,24,0,0,21,3
06037800206,63,0,0,63,0
06029004904,20,1,245000,13,6
06089010603,24,2,600000,19,3
06059001202,42,1,635000,37,4
06037482202,18,0,0,18,0
06029000904,69,3,955000,47,19
06061023100,132,7,5155000,118,7
06025012301,16,1,265000,7,7
06029000905,24,1,235000,20,3
06065051100,73,4,1930000,50,19
06037106405,40,0,0,35,5
06037401706,44,2,1430000,34,8
06037217001,34,0,0,34,0
06057000300,39,2,830000,32,5
06037217002,40,0,0,39,1
06037401707,96,1,695000,83,12
06029000906,55,2,400000,32,21
06037106406,71,1,605000,63,7
06025012302,76,0,0,28,46
06037106407,17,0,0,16,1
06029000907,24,0,0,17,7
06081611400,36,0,0,36,0
06065040821,40,1,475000,34,5
06005000301,30,0,0,27,3
06037194300,76,0,0,75,1
06037431900,12,0,0,11,1
06115041101,31,4,1060000,21,6
06037106408,14,1,565000,13,0
06067001701,25,2,1020000,21,2
06037203800,17,1,965000,14,2
06029000908,70,3,1125000,39,28
06067005701,56,3,1345000,48,5
06071009708,125,12,4910000,71,42
06037190302,6,0,0,6,0
06037191420,9,0,0,9,0
06115041102,16,0,0,12,4
06029000909,42,0,0,35,7
06031000500,76,17,6925000,34,23
06067001702,49,1,725000,46,2
06071009120,103,5,1535000,50,48
06071009709,109,7,2575000,57,44
06073003101,73,11,7575000,57,5
06067005702,92,1,765000,88,3
06005000303,161,13,5785000,121,27
06075015401,25,0,0,24,1
06037190303,1,0,0,1,0
06005000304,85,9,3655000,62,14
06001430700,54,0,0,50,3
06071009121,68,8,3070000,44,16
06083000501,48,0,0,48,0
06087120301,67,1,925000,61,5
06075015402,20,0,0,20,0
06037670324,86,1,1905000,85,0
06065044510,76,2,840000,47,27
06071009122,73,8,3030000,32,33
06111003901,14,2,1020000,10,2
06111007901,64,3,2065000,52,9
06085510500,61,0,0,61,0
06037402200,88,4,2530000,64,20
06083000502,73,0,0,72,1
06073003103,88,17,12035000,53,18
06087120302,51,1,845000,47,3
06037701501,36,0,0,36,0
06037701502,16,0,0,16,0
06111003902,16,1,685000,13,2
06037294620,16,0,0,12,4
06073014500,58,6,4150000,49,3
06071009123,44,3,1255000,22,19
06037670326,56,0,0,55,1
06037542501,40,4,1650000,26,10
06073010501,18,1,2365000,17,0
06071006201,51,0,0,31,20
06001401000,90,0,0,85,5
06073003105,47,6,4280000,29,12
06071009124,66,3,1015000,33,30
06095252310,54,6,4780000,45,3
06111007903,79,6,3790000,69,4
06037191110,7,0,0,6,1
06073010502,51,14,8380000,37,0
06075030201,33,0,0,32,1
06037670328,50,0,0,50,0
06037542502,21,0,0,11,10
06071009125,92,6,2410000,37,48
06095252311,49,3,1445000,42,4
06111007904,81,0,0,64,17
06037221210,8,0,0,7,1
06075030202,22,0,0,22,0
06095252312,27,2,1170000,21,4
06071006203,40,0,0,28,12
06073003107,68,11,7035000,44,13
06071009126,229,19,7835000,82,127
06071002204,29,0,0,28,1
06065044515,43,4,1040000,21,17
06065048200,87,2,1200000,80,5
06071009127,115,6,2340000,54,55
06071006204,22,2,1080000,16,4
06073003108,53,15,9985000,31,7
06065044200,85,6,2540000,50,29
06073018504,102,3,2595000,96,3
06095252313,67,4,2380000,57,6
06093000200,9,0,0,4,4
06073003109,27,4,2130000,20,3
06001437000,55,0,0,51,4
06037553901,36,0,0,31,5
06095252314,68,2,970000,44,22
06065040201,66,3,1595000,44,19
06065044516,83,1,335000,51,30
06071009128,76,6,2200000,38,32
06081604500,29,0,0,29,0
06065040202,37,1,655000,29,7
06037553902,31,1,265000,24,6
06065044517,82,6,2320000,60,16
06071002206,63,3,1545000,50,10
06077005403,79,1,565000,63,14
06073007910,18,0,0,18,0
06095252000,62,2,1000000,58,2
06071009129,110,8,3040000,54,48
06095252315,69,2,1250000,53,14
06095252316,46,6,3360000,29,11
06067008005,76,4,2040000,66,6
06073007911,30,0,0,29,1
06081608501,65,0,0,64,1
06071002207,18,1,325000,16,1
06065040203,19,0,0,14,5
06065044518,159,10,3840000,101,47
06077005130,35,1,405000,27,7
06081608502,10,0,0,10,0
06077005131,50,1,515000,45,4
06065040204,14,0,0,11,3
06067008006,83,2,990000,71,10
06039001100,404,27,13575000,281,96
06073007912,19,0,0,19,0
06077005405,38,0,0,33,5
06095252317,450,61,40625000,312,77
06067008007,45,2,820000,38,5
06077005132,27,0,0,17,10
06079011901,48,0,0,47,1
06001423800,34,0,0,34,0
06001427800,30,0,0,28,2
06109003101,72,1,905000,65,5
06077005406,35,2,1110000,30,3
06001983200,23,1,695000,21,1
06037572700,40,0,0,30,10
06073018509,33,3,2005000,28,2
06085507600,54,0,0,54,0
06067008008,76,1,745000,69,6
06077005133,51,4,1100000,38,9
06013321200,60,1,435000,55,4
06109003102,87,2,700000,79,6
06085503601,18,0,0,17,1
06037602801,20,0,0,13,7
06079011903,19,1,645000,18,0
06077005134,77,2,1250000,57,18
06067008009,49,2,1760000,44,3
06109003103,59,2,560000,45,12
06071010410,120,7,2605000,88,24
06037291120,7,0,0,3,4
06085503602,14,0,0,14,0
06111003010,30,3,1335000,19,8
06037232300,25,0,0,21,4
06075023300,18,0,0,18,0
06037602802,53,1,615000,43,9
06073011000,19,0,0,19,0
06073007601,34,0,0,34,0
06013303210,113,4,2390000,96,13
06079011904,86,2,910000,82,2
06077005135,136,11,5855000,111,14
06111003011,28,1,445000,22,5
06037273403,17,0,0,16,1
06037620521,46,1,1075000,45,0
06037211701,19,0,0,19,0
06073007602,26,0,0,26,0
06013303211,108,1,695000,101,6
06061021801,104,2,1200000,98,4
06041126200,48,1,605000,46,1
06037531602,7,1,265000,2,4
06077005136,44,2,1240000,32,10
06047001601,8,0,0,5,3
06037535603,9,0,0,6,3
06061021802,80,2,1060000,68,10
06107002202,32,1,275000,20,11
06037273404,3,0,0,3,0
06037531603,6,0,0,5,1
06099001601,27,0,0,21,6
06085503330,36,0,0,36,0
06037620522,43,1,1445000,41,1
06077005137,150,5,3085000,134,11
06071010413,143,21,7165000,83,33
06037531604,9,0,0,8,1
06111003013,32,1,595000,27,4
06001442601,35,0,0,34,1
06019008501,8,0,0,4,4
06019000501,8,0,0,5,3
06077005138,28,6,1760000,20,2
06107002203,141,9,3295000,66,66
06029005900,50,3,695000,28,18
06037406701,20,0,0,17,3
06063000400,12,1,215000,10,1
06037211703,7,0,0,7,0
06009000220,129,8,4390000,88,33
06011000400,19,0,0,17,2
06037535604,14,0,0,8,6
06085503331,47,2,1090000,42,3
06037310900,98,0,0,96,2
06097154201,36,0,0,33,3
06019000502,21,1,505000,15,5
06001442602,49,0,0,49,0
06037535605,16,0,0,13,3
06107002204,40,2,680000,24,14
06089011600,60,0,0,46,14
06077005139,79,3,1285000,63,13
06099001603,36,0,0,26,10
06047001603,66,2,690000,33,31
06001409500,28,1,495000,22,5
06009000221,101,5,1885000,63,30
06037211704,15,0,0,15,0
06037406702,74,1,755000,68,5
06085503332,85,2,460000,80,3
06013340001,74,2,1820000,72,0
06001405500,13,1,695000,12,0
06071010415,147,47,13415000,69,25
06029001901,64,5,1405000,41,18
06037571000,90,1,725000,80,9
06097154202,89,2,1130000,76,11
06037535606,4,0,0,3,1
06099001604,20,1,355000,12,7
06047001604,99,6,2310000,58,35
06007002200,54,4,1870000,41,9
06037575001,32,1,865000,30,1
06009000222,85,3,1795000,73,9
06085504410,30,0,0,30,0
06029001902,67,2,520000,50,14
06085503333,42,2,1510000,40,0
06019008503,13,0,0,9,4
06097150203,54,0,0,53,1
06079010202,90,4,2910000,77,9
06019004503,62,1,445000,51,10
06053010400,18,0,0,14,4
06019008504,15,0,0,9,5
06071010417,66,4,1670000,44,16
06085504411,40,0,0,36,4
06037575002,33,0,0,32,1
06081601000,68,2,1830000,63,3
06019004504,51,0,0,34,17
06097150204,45,0,0,45,0
06037535607,19,0,0,14,5
06013340003,63,0,0,63,0
06081605000,71,0,0,70,1
06019004505,39,2,790000,32,5
06037214000,34,0,0,34,0
06085504412,31,0,0,30,1
06097150205,53,0,0,51,2
06013340004,53,1,515000,52,0
06079010204,74,4,2420000,63,7
06085504413,10,0,0,9,1
06023001001,6,0,0,6,0
06071010419,118,4,1570000,103,11
06085503336,25,0,0,24,1
06019004506,66,3,805000,56,7
06097150206,22,0,0,20,2
06037122200,22,0,0,17,5
06079010205,57,5,2735000,45,6
06085503337,32,0,0,32,0
06085504414,42,0,0,42,0
06079010206,77,0,0,73,4
06067009622,71,3,1855000,64,4
06023001002,10,1,405000,8,1
06037211121,3,0,0,3,0
06071003510,17,0,0,13,4
06037195300,23,0,0,22,1
06085500100,50,1,1385000,49,0
06085504415,38,0,0,38,0
06037262501,57,0,0,57,0
06073019810,98,4,3180000,91,3
06085503338,41,0,0,41,0
06001420301,33,0,0,32,1
06055200501,50,0,0,48,2
06079010207,103,6,2870000,86,10
06037199300,24,0,0,23,1
06067002700,66,2,1120000,54,9
06037901210,46,3,1575000,28,14
06001420302,22,0,0,22,0
06085504416,33,0,0,33,0
06085504101,29,0,0,28,1
06085503339,55,0,0,55,0
06075016400,19,0,0,19,0
06073000100,44,3,3695000,40,1
06037211122,6,2,1470000,4,0
06061020104,54,0,0,53,1
06073019811,99,3,3345000,91,5
06037211123,1,0,0,1,0
06037432901,12,0,0,11,1
06085504102,37,0,0,34,3
06073008101,48,1,505000,46,1
06031001500,58,2,520000,45,11
06083001500,57,0,0,57,0
06067009310,96,5,2605000,81,10
06055200503,15,0,0,15,0
06037532101,32,0,0,25,7
06073004101,51,6,5120000,44,1
06037192420,9,0,0,9,0
06061020105,41,0,0,41,0
06087121300,45,0,0,45,0
06037208802,2,0,0,2,0
06073004102,10,1,1085000,9,0
06111008900,28,1,295000,25,2
06037211124,6,0,0,6,0
06037532102,30,1,615000,25,4
06001435700,48,0,0,41,7
06067009311,77,2,1110000,66,9
06061020106,59,0,0,58,1
06085504418,35,1,1305000,34,0
06067006703,46,3,1095000,32,10
06037432902,18,0,0,17,1
06055200504,60,1,1205000,54,5
06073008102,54,0,0,54,0
06075012403,1,0,0,0,1
06067006704,28,0,0,19,9
06065042902,33,1,235000,24,8
06111004901,42,2,1570000,36,4
06111000901,42,0,0,41,1
06019001000,18,0,0,13,5
06067009312,96,5,2665000,78,13
06037134720,44,2,1020000,37,5
06055200505,17,1,1025000,12,4
06013337100,40,0,0,37,3
06061020107,31,0,0,30,1
06037702501,50,0,0,50,0
06075012404,1,0,0,1,0
06067006705,44,1,305000,29,14
06037407201,22,1,685000,16,5
06065042903,44,0,0,21,23
06111000902,30,0,0,30,0
06085511501,27,0,0,27,0
06037901214,108,6,3070000,76,26
06095250701,30,1,505000,25,4
06013333101,59,0,0,52,7
06037311400,25,0,0,23,2
06111004902,28,0,0,24,4
06037702502,52,0,0,48,4
06073019501,24,3,1775000,19,2
06067006706,38,0,0,30,8
06037901215,86,5,2645000,59,22
06073015501,75,5,3635000,61,9
06071003201,40,0,0,26,14
06085511502,11,0,0,11,0
06111000903,61,0,0,59,2
06071007201,62,5,2545000,42,15
06067009314,69,4,2230000,59,6
06037543501,54,1,635000,40,13
06037407202,25,1,705000,20,4
06065042630,73,3,1365000,46,24
06013333102,57,0,0,55,2
06037240200,28,0,0,19,9
06075031201,23,0,0,23,0
06073016620,44,2,1390000,40,2
06071007202,11,0,0,8,3
06065042905,19,0,0,10,9
06065042631,63,4,1870000,27,32
06037901216,88,9,5095000,64,15
06071003202,38,0,0,28,10
06075035201,46,0,0,45,1
06075012406,10,0,0,10,0
06037543502,54,4,1940000,44,6
06073019502,18,0,0,16,2
06073015502,44,7,7905000,34,3
06065042906,29,0,0,17,12
06075031202,14,0,0,14,0
06073019503,52,5,2555000,43,4
06075035202,23,0,0,22,1
06065042632,21,1,605000,12,8
06069000100,73,3,2405000,63,7
06037901217,29,1,665000,22,6
06067009316,47,3,1045000,41,3
06073016621,80,11,8135000,66,3
06037543503,44,0,0,43,1
06037207101,1,0,0,1,0
06037119341,14,0,0,12,2
06037554900,43,0,0,42,1
06037901218,73,8,6130000,52,13
06065042907,25,1,435000,11,13
06067009317,90,6,3160000,71,13
06001450501,56,1,1735000,54,1
06067009318,31,1,365000,23,7
06065041201,31,3,1385000,22,6
06037650101,71,0,0,67,4
06037115301,45,0,0,42,3
06065042908,38,2,1280000,21,15
06001450502,92,2,1010000,88,2
06037119342,21,0,0,21,0
06037207103,1,0,0,1,0
06037115302,16,0,0,16,0
06067009004,44,6,2510000,30,8
06107000901,40,1,345000,27,12
06067009319,48,2,900000,38,8
06065041202,34,1,565000,22,11
06081609500,71,0,0,71,0
06037111302,63,1,985000,58,4
06037650102,22,0,0,21,1
06075042601,18,0,0,18,0
06085512310,47,0,0,43,4
06075042602,21,0,0,20,1
06059062640,49,2,1170000,43,4
06067009005,31,3,975000,25,3
06065041203,21,0,0,13,8
06107000902,25,2,670000,16,7
06085512311,45,0,0,42,3
06037111303,53,2,1640000,47,4
06037111304,3,0,0,3,0
06059087200,53,1,815000,43,9
06085512312,93,2,2100000,90,1
06059062641,47,0,0,43,4
06067009006,44,1,75000,39,4
06067009007,18,2,830000,12,4
06087110401,2,0,0,2,0
06085512313,19,0,0,18,1
06109004101,30,3,1175000,21,6
06059062642,76,0,0,76,0
06037577700,29,0,0,24,5
06037573700,109,3,1595000,101,5
06077003210,34,0,0,25,9
06109004102,17,2,730000,15,0
06067009008,63,10,3860000,41,11
06059062643,111,1,6215000,110,0
06085512314,104,6,4660000,96,2
06037433402,7,0,0,7,0
06037134101,48,0,0,43,5
06097152903,60,2,1210000,51,7
06087110402,32,1,675000,29,2
06001432200,41,0,0,40,1
06037603801,14,0,0,13,1
06007000901,43,3,835000,39,1
06065042010,27,1,175000,18,8
06065045207,29,2,890000,19,8
06085508601,31,0,0,31,0
06075061401,28,0,0,26,2
06037433403,12,0,0,11,1
06037481901,45,0,0,42,3
06111001401,56,1,825000,49,6
06097152904,67,0,0,57,10
06037237300,66,5,3335000,50,11
06037481902,29,0,0,29,0
06085512042,14,0,0,14,0
06085512001,71,0,0,70,1
06037300501,31,0,0,31,0
06111001402,66,4,3000000,56,6
06075061402,20,0,0,20,0
06085508602,33,1,1445000,32,0
06075020300,22,0,0,22,0
06097152905,40,0,0,36,4
06037134103,61,0,0,57,4
06061022800,49,5,2825000,44,0
06037603802,26,1,565000,24,1
06059062645,76,0,0,75,1
06059062646,4,0,0,4,0
06065045209,22,0,0,15,7
06037212701,10,0,0,9,1
06085512043,25,0,0,23,2
06065042012,75,2,1190000,64,9
06077003213,48,0,0,33,15
06037141500,57,0,0,56,1
06059062605,32,0,0,32,0
06107003201,15,0,0,11,4
06007000903,53,3,1355000,43,7
06037134104,45,0,0,42,3
06097152906,95,3,2085000,82,10
06107003202,3,0,0,0,2
06059062647,14,0,0,14,0
06007000904,69,6,2910000,60,3
06047002601,39,3,1215000,24,12
06037300503,43,0,0,41,2
06077003214,45,5,1495000,26,14
06037212702,34,0,0,33,1
06073012002,12,1,655000,10,1
06037123510,26,0,0,25,1
06059062648,33,2,640000,31,0
06085512045,62,0,0,61,1
06073012003,21,4,3040000,14,3
06115040800,98,20,8580000,56,22
06047002602,61,2,830000,49,10
06013341000,76,0,0,73,3
06099002602,43,2,950000,30,11
06077003215,33,2,1000000,25,6
06029002901,34,1,265000,23,10
06059062649,44,3,1095000,39,2
06001406500,34,2,1070000,30,2
06077003216,30,0,0,19,11
06065042015,64,5,2625000,57,2
06085512005,93,0,0,92,1
06059110110,46,1,885000,44,1
06099002603,29,1,265000,16,12
06059110111,51,0,0,49,2
06065042016,35,1,565000,30,4
06077003217,11,0,0,9,2
06099002604,20,0,0,13,7
06037576001,84,4,2180000,76,3
06085512047,70,0,0,70,0
06037551401,29,0,0,27,2
06071011101,193,8,3820000,153,32
06019005503,191,0,0,180,11
06029002902,39,2,520000,26,11
06071000820,52,1,575000,50,1
06097151203,63,3,2215000,52,8
06073002801,24,1,1245000,21,2
06019005504,54,0,0,53,1
06071000821,141,6,4290000,130,5
06099002605,44,0,0,28,16
06053011400,23,3,1085000,15,5
06037480201,40,0,0,38,2
06037551402,43,1,835000,36,6
06081606000,47,0,0,45,2
06097151204,37,0,0,37,0
06071011102,114,5,2305000,96,13
06065042017,56,3,1935000,47,6
06077003218,43,7,2865000,30,6
06019005505,72,1,365000,66,5
06037480202,29,0,0,26,3
06065042018,74,0,0,66,8
06081602001,47,1,1125000,46,0
06089012603,82,5,1435000,58,18
06097151205,26,0,0,26,0
06077003219,133,5,2755000,102,25
06073002803,55,3,3925000,51,1
06059110113,92,0,0,92,0
06059099410,24,0,0,23,1
06071000823,31,1,505000,25,5
06059099411,30,1,525000,28,1
06059110114,59,4,2910000,52,3
06081602002,29,0,0,29,0
06097151206,29,0,0,28,1
06073002804,60,1,1005000,57,2
06089012604,44,3,1515000,30,11
06089012605,38,1,305000,31,6
06059099412,50,1,445000,46,3
06019005507,78,0,0,67,11
06071001901,68,1,635000,64,3
06071000824,46,1,545000,39,6
06001421300,36,0,0,35,1
06059110115,42,1,905000,40,1
06055201500,27,0,0,27,0
06071000825,23,1,445000,20,2
06059110116,45,0,0,44,1
06089012606,37,3,865000,25,7
06019005508,65,1,555000,60,4
06071004510,53,1,495000,42,10
06067003700,64,4,1720000,46,14
06081613400,42,0,0,41,1
06085505100,41,1,845000,40,0
06073020210,43,7,3885000,33,3
06071004511,50,4,2020000,31,15
06037267502,21,1,1285000,19,1
06059011720,16,0,0,12,4
06019005509,50,3,1175000,43,4
06067007701,55,3,1395000,44,8
06085501101,31,0,0,30,1
06037123203,10,0,0,10,0
06071000826,43,4,1900000,33,6
06059110117,45,0,0,43,2
06073001100,39,5,3055000,30,4
06073005101,4,0,0,4,0
06085501102,32,0,0,28,4
06037123204,15,0,0,15,0
06059011721,15,1,615000,11,3
06059099415,68,0,0,66,2
06073020211,42,2,1010000,36,4
06059110118,16,1,145000,15,0
06037267503,12,0,0,12,0
06085509102,28,0,0,28,0
06037197420,27,0,0,27,0
06065043900,97,1,455000,61,35
06067007702,59,3,2515000,54,2
06071004512,59,2,890000,46,11
06087122300,42,1,1785000,41,0
06073009101,99,6,7210000,88,5
06059011722,16,0,0,15,1
06073009102,19,0,0,19,0
06059099416,34,2,1030000,29,3
06065047901,74,3,2055000,70,1
06037123205,8,0,0,6,2
06001436700,20,0,0,17,3
06037267504,20,0,0,19,1
06073005102,72,16,9700000,55,1
06037123206,3,0,0,3,0
06037533103,2,0,0,2,0
06073020213,6,0,0,5,1
06019002000,16,0,0,9,7
06065047902,101,3,1705000,95,3
06071001906,460,21,11825000,380,59
06059099417,81,1,535000,79,1
06111005901,87,0,0,86,1
06067007430,109,4,2120000,88,16
06073009103,46,3,3015000,43,0
06037533104,7,0,0,5,2
06067007431,52,3,1075000,38,11
06073020214,7,0,0,6,1
06037120010,16,0,0,13,3
06059052511,49,0,0,47,2
06059099418,34,0,0,34,0
06029003400,33,3,635000,21,9
06013338101,50,0,0,44,6
06037404201,30,2,1190000,25,3
06083002503,36,2,1140000,27,7
06071001907,379,13,9405000,331,34
06095251701,39,1,305000,32,6
06073009104,60,1,1585000,55,4
06037533105,7,0,0,5,2
06037540501,26,0,0,21,5
06085509106,28,1,1045000,27,0
06001403000,17,1,515000,16,0
06067007432,68,7,3375000,51,10
06071008201,39,1,485000,35,3
06059099419,53,0,0,49,4
06071001908,413,15,9685000,355,43
06095251702,55,4,1480000,45,6
06013338102,66,0,0,65,1
06071004201,51,1,285000,26,24
06083002504,49,2,1080000,32,15
06071000201,44,3,1255000,37,4
06017030801,75,4,1560000,69,2
06001407000,45,1,785000,39,5
06085509107,4,0,0,4,0
06039000801,13,0,0,11,2
06037404203,25,0,0,22,3
06071008202,32,0,0,27,5
06059052513,40,0,0,40,0
06071004202,55,0,0,32,23
06071001909,77,2,1500000,65,10
06037540502,15,1,705000,11,3
06029006010,93,9,3775000,73,11
06037241201,33,0,0,17,16
06039000802,15,0,0,9,6
06073009107,36,3,2285000,31,2
06059052514,42,2,1430000,39,1
06085509108,31,0,0,30,1
06059063910,52,0,0,46,6
06029006011,114,24,10390000,65,25
06037241202,40,1,615000,32,7
06071000203,38,3,1905000,29,5
06067007434,94,6,2240000,61,27
06037533108,7,0,0,5,2
06073009108,37,1,655000,36,0
06065046200,23,1,305000,10,11
06067007435,23,0,0,14,9
06017030804,81,3,2505000,69,9
06029006012,54,8,2910000,37,9
06037400205,23,1,905000,22,0
06085509109,58,0,0,58,0
06111005906,99,0,0,98,1
06001451501,90,1,965000,87,2
06029003130,62,5,1795000,26,31
06067007436,27,2,1010000,23,2
06071000205,44,1,805000,38,5
06111005907,66,1,515000,60,5
06037651101,36,1,785000,34,1
06029003131,41,0,0,27,14
06037400206,94,1,985000,88,5
06075047600,49,0,0,49,0
06037400207,84,1,725000,80,3
06111005908,42,3,2535000,37,2
06001451503,123,2,1820000,115,6
06107001901,42,2,660000,27,13
06067007437,171,5,2635000,137,29
06037651102,32,1,545000,29,2
06029003132,52,1,365000,34,17
06067007438,42,3,1705000,34,5
06001451504,33,1,815000,32,0
06107001902,50,1,405000,34,15
06037400208,21,0,0,19,2
06071000207,32,1,645000,27,4
06059011101,47,3,2425000,41,3
06037501600,85,1,735000,80,4
06111005909,47,2,1750000,43,2
06067000200,76,1,805000,72,3
06017030807,120,7,5575000,111,2
06029003133,37,4,1310000,23,10
06067004201,74,2,880000,55,17
06015000201,48,3,1245000,37,7
06059052519,45,1,705000,42,2
06077001600,18,0,0,13,5
06037430400,45,0,0,45,0
06029003134,30,1,385000,24,5
06059011102,45,2,1400000,40,3
06071000208,38,1,725000,33,4
06037400209,78,0,0,74,4
06017030808,161,9,5325000,141,11
06001451505,62,0,0,62,0
06067007439,181,8,3170000,151,22
06001451506,27,0,0,25,2
06029003135,44,1,465000,34,9
06109005101,71,7,3035000,53,11
06073013312,27,5,3355000,20,2
06059063601,53,0,0,48,5
06059088201,27,0,0,26,1
06015000202,49,2,510000,39,7
06067004202,62,1,385000,40,21
06017030809,60,1,175000,54,5
06097153902,40,0,0,39,1
06037113423,38,0,0,32,6
06037131100,54,1,655000,49,4
06015000203,9,1,215000,5,3
06111002400,11,0,0,11,0
06007001900,34,5,1905000,24,5
06037113424,42,0,0,38,4
06037271400,43,0,0,41,2
06029003136,25,0,0,10,15
06001433200,36,3,2125000,32,1
06111006400,94,0,0,88,6
06059088202,39,0,0,38,1
06109005102,40,2,910000,30,8
06037275400,45,0,0,45,0
06097153903,44,0,0,43,1
06067004203,49,4,1560000,33,12
06037570701,73,2,1560000,68,3
06037113425,11,1,385000,10,0
06059001901,28,0,0,23,5
06037600801,66,0,0,57,9
06073017040,72,0,0,70,2
06113010701,20,0,0,20,0
06059088203,36,0,0,35,1
06029003137,35,1,295000,20,14
06097153904,37,0,0,36,1
06059063603,76,1,865000,73,2
06037135102,60,1,1105000,56,3
06065043010,106,6,3380000,66,34
06037113426,22,0,0,19,3
06059001902,32,2,1610000,26,4
06073013315,49,5,4155000,39,5
06023000700,48,0,0,47,1
06037297120,13,0,0,12,1
06037301501,25,0,0,25,0
06081600701,20,0,0,18,2
06037570703,62,3,2405000,55,4
06061023800,56,4,2060000,45,7
06037600802,31,2,1750000,28,1
06059063604,25,0,0,25,0
06097153905,45,0,0,42,3
06075025300,44,0,0,44,0
06073013000,49,5,4335000,40,4
06073017041,95,4,2620000,88,3
06113010703,21,1,775000,20,0
06037113427,19,0,0,19,0
06059063605,21,1,1125000,20,0
06059001903,27,0,0,26,1
06037121900,26,0,0,23,3
06081600702,15,1,945000,12,2
06037301502,34,0,0,33,1
06017031301,57,2,1100000,49,6
06065940600,172,3,2035000,163,6
06073013316,110,23,15995000,77,10
06113010704,7,0,0,7,0
06017031302,86,6,2260000,59,20
06037113428,46,0,0,40,6
06073013317,547,136,115960000,360,51
06073017043,65,4,1880000,61,0
06073017044,59,2,1930000,55,2
06037541003,59,0,0,49,10
06019006501,15,0,0,12,3
06073013318,89,17,10445000,59,13
06001444601,69,0,0,69,0
06019006502,16,0,0,15,1
06073017045,26,2,2450000,24,0
06037552400,26,0,0,20,6
06037320300,29,1,515000,24,4
06001444602,59,0,0,58,1
06037577000,61,1,775000,54,6
06073013319,176,39,28195000,124,13
06099003603,14,0,0,14,0
06037106520,40,1,485000,36,3
06075040100,26,0,0,26,0
06073017046,38,2,1280000,34,2
06071012101,92,6,3270000,70,16
06081603000,29,0,0,28,1
06081607000,34,0,0,34,0
06073017047,38,2,2000000,35,1
06073017006,50,2,2530000,48,0
06037460601,72,0,0,71,1
06053012401,14,1,1525000,13,0
06107001010,27,1,265000,19,7
06037800324,92,1,875000,89,2
06073017048,65,1,975000,63,1
06071012103,85,9,3255000,40,35
06059075810,47,0,0,46,1
06001440331,18,0,0,18,0
06051000101,56,3,1625000,50,3
06053012402,20,0,0,20,0
06059075811,32,0,0,31,1
06107001011,70,7,2505000,50,13
06073017049,43,3,2785000,37,3
06099003607,39,0,0,30,9
06001440332,19,0,0,19,0
06037800325,63,1,375000,62,0
06051000102,25,1,325000,19,5
06037124201,32,0,0,31,1
06073017009,47,2,1510000,43,2
06001440333,32,0,0,32,0
06071012105,77,5,2205000,43,27
06001401700,93,1,635000,90,2
06107001012,187,13,5615000,133,41
06075030900,71,0,0,70,1
06001422300,26,0,0,26,0
06071002901,20,0,0,14,6
06037402902,32,1,575000,24,7
06099003608,125,6,3310000,113,6
06059075812,59,2,1730000,57,0
06037191810,9,0,0,9,0
06001440334,42,1,1145000,41,0
06099003609,82,4,1840000,62,16
06037402903,31,0,0,29,2
06059075813,77,0,0,73,4
06071002902,56,0,0,43,13
06071012106,18,1,275000,10,6
06037601301,25,0,0,19,6
06037124203,12,0,0,9,3
06073006100,29,0,0,29,0
06037402904,32,0,0,25,7
06059075814,51,0,0,48,3
06085506101,47,0,0,47,0
06037800328,23,0,0,20,3
06037900602,50,1,595000,32,17
06085502101,65,0,0,64,1
06087123300,3,0,0,3,0
06037534101,9,0,0,8,1
06001440336,31,1,935000,30,0
06037124204,12,0,0,12,0
06037530101,17,0,0,15,2
06085506102,42,0,0,41,1
06067008702,42,2,1820000,37,3
06037601302,46,1,705000,41,4
06037139600,66,0,0,66,0
06059075815,57,2,1640000,53,2
06037980024,6,0,0,6,0
06037534102,8,0,0,7,1
06113011203,30,0,0,27,3
06037302002,26,0,0,26,0
06059075816,26,0,0,22,4
06065040901,52,2,1100000,43,7
06037601303,21,1,515000,18,2
06001440337,25,0,0,25,0
06085502103,23,0,0,22,1
06037530102,25,0,0,25,0
06067008703,79,0,0,77,2
06065048901,37,1,505000,20,16
06085506103,36,0,0,36,0
06103000600,70,7,2125000,51,11
06085502104,21,0,0,19,2
06001440338,16,0,0,16,0
06059074110,31,0,0,30,1
06093000901,47,1,255000,38,8
06067008704,168,9,6145000,136,22
06001441100,57,0,0,55,2
06065040902,68,4,2480000,53,11
06065048902,42,1,475000,25,16
06113011204,163,9,4545000,129,25
06037302003,8,0,0,8,0
06001437701,12,1,555000,10,1
06001437702,3,0,0,2,1
06037405201,17,0,0,15,2
06037980026,1,0,0,1,0
06019003001,18,3,1125000,14,1
06059074111,48,1,225000,42,5
06037302004,10,0,0,10,0
06037191500,24,0,0,24,0
06037121010,45,0,0,39,6
06037900606,45,2,700000,29,14
06029000400,35,1,265000,26,8
06065040903,20,1,625000,14,5
06037401201,68,4,2880000,61,3
06071005200,64,3,1345000,45,16
06093000902,69,8,2310000,50,11
06089010100,4,0,0,3,1
06065040904,40,2,1010000,30,8
06019007002,36,0,0,24,12
06059075504,53,1,875000,50,2
06037900607,60,0,0,39,21
06067008706,117,7,4085000,91,19
06037405202,29,0,0,27,2
06001404000,30,0,0,29,1
06095252702,98,4,2130000,76,18
06001408000,40,0,0,40,0
06065044904,95,4,2050000,71,20
06037401202,73,1,585000,60,12
06071009201,150,6,2510000,122,22
06029004402,20,0,0,11,6
06067005510,40,4,1010000,32,4
06095252703,58,4,1890000,38,15
06113011207,24,1,725000,23,0
06019007003,56,5,1805000,34,17
06059086901,26,0,0,23,3
06067008707,109,11,6545000,88,10
06037221601,12,0,0,11,1
06037670405,35,3,4395000,32,0
06037405203,22,0,0,19,3
06037900608,65,6,2490000,35,24
06059075505,35,0,0,33,2
06019003003,10,0,0,9,1
06073018620,40,7,3585000,31,2
06071009202,27,1,405000,21,5
06037401203,61,3,1665000,50,8
06037228210,15,1,355000,11,3
06019003004,39,1,445000,24,14
06059086902,29,1,685000,28,0
06067008708,371,19,11495000,303,49
06019007004,62,0,0,46,15
06037221602,5,0,0,5,0
06037670406,17,0,0,17,0
06029004403,16,0,0,9,6
06095252704,50,3,1645000,36,11
06073018621,15,1,675000,12,2
06113011208,186,15,8975000,162,9
06037900609,79,8,2670000,50,21
06059075506,46,0,0,42,4
06037294701,6,0,0,5,1
06075033203,10,0,0,10,0
06059075507,36,0,0,33,3
06073018622,40,6,3810000,34,0
06113011209,28,0,0,24,4
06065044907,28,0,0,23,5
06067008120,83,4,1580000,68,11
06037670407,57,0,0,57,0
06059086903,45,3,2395000,36,6
06095252705,83,3,1385000,62,18
06029004404,42,5,1405000,30,7
06087101001,21,0,0,21,0
06095252706,51,5,2945000,38,8
06073011700,47,14,5470000,29,4
06087101002,3,0,0,3,0
06067008122,83,7,4515000,69,7
06107002901,26,2,570000,21,3
06071002050,26,1,925000,25,0
06095252707,68,6,3060000,47,15
06071002051,26,1,625000,23,2
06045010601,26,1,365000,20,5
06067001201,12,1,925000,11,0
06107002903,62,3,835000,46,13
06071002011,74,4,3630000,69,1
06067008124,80,7,2945000,67,6
06097150901,55,0,0,53,2
06099000910,59,2,830000,38,19
06045010602,55,3,975000,41,11
06037431400,51,1,735000,48,2
06067005202,52,4,1590000,41,7
06067001202,4,0,0,4,0
06107002904,42,1,325000,23,18
06067008125,68,3,1525000,52,13
06037502602,24,0,0,18,6
06097150902,58,0,0,57,1
06099000911,53,4,1800000,40,9
06037502603,27,0,0,23,4
06079010902,27,0,0,27,0
06037132101,34,0,0,33,1
06037571701,87,2,1470000,71,14
06071002013,69,5,3515000,63,1
06007002900,25,1,275000,17,7
06037701000,36,1,765000,35,0
06001430200,76,2,1910000,73,1
06037276400,65,0,0,65,0
06079010903,2,0,0,2,0
06001438201,31,0,0,29,2
06037132102,51,1,675000,47,3
06067005204,72,3,1175000,62,6
06037502604,38,0,0,29,9
06081601700,50,0,0,49,1
06077005211,79,0,0,77,2
06099000913,116,8,3490000,90,18
06081605700,70,0,0,70,0
06071002014,72,2,1490000,69,1
06067008127,77,3,1075000,60,14
06067005205,6,0,0,6,0
06037214700,26,0,0,25,1
06101050501,33,0,0,26,7
06071002015,70,2,1660000,62,6
06037571703,21,2,1230000,16,3
06037542000,34,3,2095000,21,10
06077005212,83,1,975000,78,4
06037294120,12,0,0,9,3
06111007402,128,1,2405000,125,2
06085510001,77,0,0,77,0
06067008128,34,1,425000,28,5
06073018000,30,1,2275000,28,1
06071010803,130,5,1785000,102,23
06099000914,73,4,2460000,61,8
06037218701,16,0,0,15,1
06075026301,16,0,0,16,0
06067008129,57,1,315000,49,7
06071002016,50,2,1210000,46,2
06077005213,178,1,775000,174,3
06111007403,73,1,1005000,70,2
06001438203,37,1,1225000,36,0
06085510002,33,0,0,33,0
06099000915,69,3,1495000,61,5
06073010001,36,2,1210000,26,8
06037571704,27,1,665000,24,2
06071010804,99,4,1500000,80,15
06073014001,63,6,4130000,45,12
06037218702,8,0,0,8,0
06073014002,52,15,10065000,27,10
06101050503,68,5,2065000,55,8
06071002017,78,2,1720000,72,4
06075026302,23,0,0,23,0
06059042340,54,1,445000,51,2
06001438204,62,0,0,58,4
06077005214,630,16,11240000,591,21
06071010805,71,3,1435000,49,18
06099000601,63,2,590000,51,10
06071010806,85,7,2605000,57,21
06101050504,79,6,2620000,59,14
06111007405,70,2,1760000,67,1
06071002018,64,2,1580000,60,2
06075026303,26,0,0,25,1
06099000602,34,2,690000,22,10
06013347000,106,0,0,104,2
06073010003,61,11,7525000,40,10
06059042341,122,2,1390000,117,3
06085500800,45,1,765000,42,2
06077005215,55,3,1375000,51,1
06073004800,17,0,0,14,3
06071002019,50,2,1600000,48,0
06073010004,41,6,3990000,29,6
06073008800,40,1,475000,31,8
06037553400,31,0,0,26,5
06111007406,25,0,0,25,0
06037532800,10,0,0,7,3
06073000800,50,3,3655000,47,0
06013343001,42,0,0,42,0
06077005216,75,1,685000,69,5
06037620601,52,1,1395000,48,3
06085504802,42,0,0,42,0
06061020805,57,1,365000,46,10
06075045100,27,0,0,26,1
06037620602,90,1,1405000,88,1
06077005217,56,4,2770000,50,2
06037461600,104,0,0,101,3
06013343002,67,0,0,66,1
06073010005,33,2,980000,24,7
06077005218,43,1,645000,41,1
06013343003,49,0,0,48,1
06061020806,63,2,1100000,54,7
06081604000,36,0,0,36,0
06037232110,12,0,0,11,1
06009000301,39,4,1090000,29,4
06081608001,28,0,0,28,0
06107002010,68,4,1650000,50,14
06077005219,81,0,0,76,5
06019001700,112,3,1205000,82,26
06037403901,53,0,0,49,4
06009000302,33,2,720000,19,12
06037125200,38,1,3505000,35,2
06107002011,38,3,1165000,31,4
06081608002,34,0,0,34,0
06059042305,62,0,0,62,0
06085504805,60,0,0,60,0
06037407901,38,1,675000,32,5
06071003900,41,1,445000,27,13
06037407902,12,0,0,12,0
06037218120,13,0,0,13,0
06065030501,35,0,0,26,9
06085504806,25,0,0,25,0
06001423300,45,0,0,44,1
06001427300,27,0,0,25,2
06037269500,67,0,0,67,0
06073010009,23,2,1240000,21,0
06001402700,33,0,0,31,2
06037403902,37,0,0,33,4
06065030502,12,0,0,9,3
06085507100,28,0,0,28,0
06037240901,18,0,0,11,7
06007003400,16,0,0,14,2
06085504807,39,0,0,39,0
06037572201,71,2,1710000,53,16
06059042307,77,2,1600000,73,2
06085504808,4,0,0,4,0
06065030503,6,0,0,5,1
06037572202,36,1,795000,32,3
06037240902,20,1,865000,8,11
06037602301,75,5,4665000,62,8
06073007100,77,1,815000,76,0
06071007903,88,1,605000,77,10
06037531101,12,0,0,9,3
06037535101,29,1,555000,21,7
06069000801,93,8,5230000,75,10
06071007904,108,2,1040000,93,13
06037602302,75,1,835000,74,0
06025010500,56,5,1595000,31,20
06065045900,7,0,0,5,2
06037211201,2,0,0,2,0
06037535102,20,0,0,11,9
06037531102,11,1,825000,9,1
06069000802,78,6,3980000,65,7
06037204920,9,0,0,8,1
06037650801,32,0,0,31,1
06071007905,71,3,1975000,59,9
06041101100,29,0,0,29,0
06099001100,49,1,625000,30,18
06001442100,36,1,345000,35,0
06037650802,32,1,1065000,31,0
06047001101,67,3,1045000,45,19
06019008000,62,1,265000,40,19
06037211202,2,0,0,2,0
06071007906,70,3,1825000,56,11
06013336101,19,0,0,19,0
06037406201,13,0,0,12,1
06085503105,15,0,0,14,1
06037310400,45,0,0,42,3
06029001401,25,0,0,20,5
06065041904,91,1,725000,83,7
06089011100,54,6,2830000,37,11
06001409000,27,0,0,18,9
06037403320,48,0,0,46,2
06079010016,62,2,1010000,51,8
06037222600,22,0,0,22,0
06061021304,222,14,8260000,179,29
06001405000,55,0,0,55,0
06029001402,16,0,0,13,3
06037199110,15,0,0,14,1
06019004003,39,1,235000,30,8
06059087901,22,1,925000,21,0
06029005402,115,25,7845000,67,23
06037403321,49,0,0,49,0
06065041905,25,0,0,20,5
06013336103,18,0,0,15,3
06079010017,122,7,4165000,95,20
06037208610,7,0,0,7,0
06037134801,45,0,0,42,3
06019004004,91,6,2180000,34,46
06065042750,78,9,5245000,43,26
06065041906,88,5,2595000,61,22
06059087902,32,0,0,31,1
06013336104,20,1,285000,19,0
06027000500,26,1,345000,20,5
06019004005,27,0,0,21,6
06037134802,37,1,725000,30,6
06065042751,93,11,4595000,61,21
06037403323,32,0,0,32,0
06019004006,61,4,1620000,34,23
06111004710,33,0,0,31,2
06029005405,24,1,245000,19,4
06037403324,59,0,0,59,0
06065042711,172,26,9090000,110,36
06073012700,13,2,1250000,9,2
06065042752,110,14,6780000,72,24
06061021034,67,2,1110000,53,12
06029005406,74,24,7900000,37,13
06037403325,61,0,0,59,2
06111004711,21,4,2300000,16,1
06065041909,79,5,2975000,65,9
06045011600,18,1,395000,15,2
06037403326,15,0,0,15,0
06067002200,55,3,1165000,45,7
06107003902,55,1,355000,37,17
06029005407,104,27,7835000,51,25
06097151900,22,0,0,21,1
06037403327,31,0,0,31,0
06037204300,15,0,0,13,2
06073016703,39,5,2265000,31,3
06107003903,26,2,530000,18,6
06053000701,7,0,0,5,2
06037503601,58,1,695000,51,6
06061021037,21,1,665000,18,2
06029005408,67,16,4380000,41,10
06037240010,12,0,0,9,3
06065042714,99,6,4190000,81,12
06037432401,18,0,0,18,0
06067006202,49,3,1025000,36,10
06107003904,12,1,195000,8,3
06053000702,11,0,0,5,6
06037503602,53,0,0,49,4
06077003601,29,0,0,25,4
06029005409,83,17,4075000,49,17
06061021038,152,4,1940000,138,10
06037403328,58,1,755000,56,1
06073016704,120,20,13120000,85,15
06037576700,43,0,0,42,1
06037133101,23,0,0,22,1
06075060400,4,0,0,4,0
06067006203,27,0,0,22,5
06037208302,9,0,0,9,0
06001435200,67,2,1580000,61,4
06077003602,27,1,455000,22,4
06083001001,11,0,0,11,0
06065042401,31,3,1695000,21,7
06061021039,33,2,1130000,30,1
06073016705,63,16,7830000,38,9
06111000400,104,12,8020000,68,23
06031001001,74,18,7590000,44,12
06111004715,17,4,2260000,11,2
06001431200,77,2,1190000,70,5
06071011801,72,10,3300000,43,19
06037432402,17,0,0,14,3
06111004400,97,10,6410000,80,7
06065042716,148,10,7280000,118,20
06037480901,8,0,0,8,0
06037133102,22,0,0,21,1
06111004716,20,1,665000,17,2
06067006204,31,1,255000,25,5
06031001002,10,0,0,6,4
06073016706,41,4,2680000,32,5
06081606700,21,0,0,21,0
06085511000,71,0,0,71,0
06083001002,10,0,0,10,0
06037181600,24,0,0,24,0
06081602700,52,0,0,50,2
06065042402,69,3,1545000,48,18
06071011802,51,4,990000,27,20
06111008401,84,2,1340000,72,10
06037189600,43,1,1235000,41,1
06095250200,46,1,455000,35,9
06065042717,73,5,2355000,49,19
06037480902,14,0,0,14,0
06065042403,72,4,1400000,45,23
06037219700,33,0,0,27,6
06111004717,18,1,675000,15,2
06037543000,43,2,1340000,30,11
06111008402,86,1,905000,82,3
06037137103,53,0,0,48,5
06037702002,26,0,0,26,0
06031001003,106,29,10375000,47,30
06037480903,15,0,0,15,0
06065042404,29,1,265000,17,11
06065042719,105,3,1515000,57,45
06037137104,51,1,1255000,49,1
06073019001,129,7,5775000,109,13
06073015001,57,2,1570000,49,6
06013385100,38,1,915000,36,1
06065042405,15,0,0,10,5
06073015002,7,0,0,5,2
06035040400,17,3,945000,9,5
06059110500,45,0,0,41,4
06037123901,23,0,0,23,0
06073019002,279,73,48425000,172,34
06037123902,30,0,0,30,0
06085505800,48,0,0,47,1
06085501800,48,1,585000,45,2
06065042406,47,1,395000,33,13
06013348000,83,0,0,83,0
06085509801,65,0,0,65,0
06065042407,38,1,505000,25,12
06037462600,29,0,0,27,2
06085509802,30,0,0,30,0
06073001801,15,1,965000,14,0
06075021500,48,0,0,47,1
06073009801,80,9,6955000,67,4
06065042408,45,0,0,29,16
06073005801,12,1,905000,11,0
06107004401,6,0,0,5,1
06059099801,31,0,0,31,0
06073001802,20,0,0,20,0
06073005802,38,4,2810000,33,1
06037481711,15,0,0,15,0
06065042409,35,0,0,22,13
06081609000,31,0,0,31,0
06107000401,49,2,880000,33,13
06073009802,107,8,4600000,91,7
06037234501,28,1,695000,25,2
